Deals Played,PIMC Hands,PIMC Wins,Basic Hands,Basic Wins,PIMC Win Rate,Basic Win Rate
10,10,4,10,4,0.4,0.4
20,21,9,20,10,0.42857142857142855,0.5
30,31,12,31,14,0.3870967741935484,0.45161290322580644
40,42,19,41,17,0.4523809523809524,0.4146341463414634
50,52,26,51,21,0.5,0.4117647058823529
60,63,31,61,23,0.49206349206349204,0.3770491803278688
70,73,36,71,23,0.4931506849315068,0.323943661971831
80,83,41,81,26,0.4939759036144578,0.32098765432098764
90,94,46,92,31,0.48936170212765956,0.33695652173913043
100,104,48,102,34,0.46153846153846156,0.3333333333333333
110,114,52,112,38,0.45614035087719296,0.3392857142857143
120,124,60,122,40,0.4838709677419355,0.32786885245901637
130,134,63,132,45,0.4701492537313433,0.3409090909090909
140,145,68,142,46,0.4689655172413793,0.323943661971831
150,155,70,152,50,0.45161290322580644,0.32894736842105265
160,165,72,162,54,0.43636363636363634,0.3333333333333333
170,175,75,172,60,0.42857142857142855,0.3488372093023256
180,185,80,182,62,0.43243243243243246,0.34065934065934067
190,195,84,192,66,0.4307692307692308,0.34375
200,205,88,202,69,0.4292682926829268,0.3415841584158416
210,215,92,212,71,0.42790697674418604,0.33490566037735847
220,225,97,222,74,0.4311111111111111,0.3333333333333333
230,235,101,232,79,0.4297872340425532,0.34051724137931033
240,246,108,242,82,0.43902439024390244,0.33884297520661155
250,256,113,253,87,0.44140625,0.3438735177865613
260,266,115,263,90,0.4323308270676692,0.34220532319391633
270,276,122,273,94,0.4420289855072464,0.3443223443223443
280,286,126,283,98,0.4405594405594406,0.3462897526501767
290,298,130,293,103,0.436241610738255,0.3515358361774744
300,309,137,303,109,0.44336569579288027,0.35973597359735976
310,319,141,313,113,0.44200626959247646,0.3610223642172524
320,330,146,323,118,0.44242424242424244,0.3653250773993808
330,340,151,334,124,0.4441176470588235,0.3712574850299401
340,350,156,344,128,0.44571428571428573,0.37209302325581395
350,360,160,354,130,0.4444444444444444,0.3672316384180791
360,370,168,365,131,0.4540540540540541,0.3589041095890411
370,381,169,376,137,0.4435695538057743,0.36436170212765956
380,392,176,387,138,0.4489795918367347,0.35658914728682173
390,402,181,398,139,0.4502487562189055,0.3492462311557789
400,412,186,408,144,0.45145631067961167,0.35294117647058826
410,422,190,418,149,0.45023696682464454,0.35645933014354064
420,433,197,428,150,0.45496535796766746,0.35046728971962615
430,443,201,438,152,0.45372460496614,0.3470319634703196
440,453,205,449,158,0.45253863134657835,0.3518930957683742
450,464,214,459,162,0.46120689655172414,0.35294117647058826
460,474,216,469,165,0.45569620253164556,0.35181236673773986
470,484,221,481,167,0.45661157024793386,0.3471933471933472
480,494,226,491,169,0.4574898785425101,0.34419551934826886
490,505,229,501,174,0.4534653465346535,0.3473053892215569
500,515,234,511,176,0.45436893203883494,0.34442270058708413
510,526,237,521,178,0.4505703422053232,0.3416506717850288
520,536,243,531,182,0.4533582089552239,0.3427495291902072
530,546,247,542,187,0.4523809523809524,0.34501845018450183
540,556,251,552,191,0.45143884892086333,0.34601449275362317
550,566,256,563,197,0.45229681978798586,0.34991119005328597
560,577,259,573,202,0.4488734835355286,0.3525305410122164
570,587,262,584,205,0.4463373083475298,0.351027397260274
580,598,269,594,211,0.4498327759197324,0.3552188552188552
590,609,274,604,216,0.44991789819376027,0.3576158940397351
600,619,276,615,222,0.4458804523424879,0.36097560975609755
610,629,278,625,226,0.4419713831478537,0.3616
620,639,283,635,228,0.4428794992175274,0.3590551181102362
630,649,289,645,232,0.4453004622496148,0.35968992248062015
640,659,294,656,236,0.44613050075872535,0.3597560975609756
650,670,301,666,242,0.44925373134328356,0.3633633633633634
660,681,307,677,247,0.45080763582966227,0.36484490398818314
670,691,310,687,250,0.44862518089725034,0.363901018922853
680,702,318,697,254,0.452991452991453,0.36441893830703015
690,712,324,708,257,0.4550561797752809,0.3629943502824859
700,722,329,718,261,0.4556786703601108,0.3635097493036212
710,733,333,728,265,0.4542974079126876,0.364010989010989
720,743,339,739,269,0.45625841184387617,0.36400541271989173
730,753,342,749,273,0.4541832669322709,0.3644859813084112
740,763,345,759,275,0.4521625163826999,0.36231884057971014
750,773,349,769,280,0.4514877102199224,0.3641092327698309
760,784,357,780,284,0.45535714285714285,0.3641025641025641
770,794,361,790,289,0.45465994962216627,0.3658227848101266
780,804,365,800,294,0.4539800995024876,0.3675
790,814,370,810,300,0.45454545454545453,0.37037037037037035
800,824,374,820,303,0.4538834951456311,0.3695121951219512
810,834,377,830,304,0.4520383693045564,0.36626506024096384
820,844,379,840,305,0.4490521327014218,0.3630952380952381
830,855,384,850,309,0.44912280701754387,0.3635294117647059
840,865,386,860,313,0.446242774566474,0.363953488372093
850,875,388,872,317,0.44342857142857145,0.36353211009174313
860,885,390,883,320,0.4406779661016949,0.362400906002265
870,896,394,893,324,0.43973214285714285,0.3628219484882419
880,906,399,903,328,0.44039735099337746,0.36323366555924697
890,916,402,913,334,0.4388646288209607,0.3658269441401972
900,926,405,924,337,0.4373650107991361,0.3647186147186147
910,936,410,934,344,0.43803418803418803,0.3683083511777302
920,946,413,944,344,0.4365750528541226,0.3644067796610169
930,957,421,954,349,0.4399164054336468,0.3658280922431866
940,969,427,966,352,0.4406604747162023,0.36438923395445133
950,979,430,977,354,0.43922369765066394,0.3623336745138178
960,990,435,987,357,0.4393939393939394,0.3617021276595745
970,1000,440,997,360,0.44,0.36108324974924777
980,1011,444,1007,362,0.4391691394658754,0.35948361469712015
990,1021,448,1017,366,0.4387855044074437,0.35988200589970504
1000,1031,456,1027,370,0.4422890397672163,0.3602726387536514
1010,1041,462,1037,375,0.4438040345821326,0.36162005785920925
1020,1051,467,1047,378,0.44433872502378685,0.36103151862464183
1030,1061,470,1057,383,0.4429783223374175,0.3623462630085147
1040,1071,476,1067,386,0.4444444444444444,0.36176194939081535
1050,1081,481,1077,389,0.44495837187789083,0.36118848653667596
1060,1091,486,1087,394,0.4454628780934922,0.3624655013799448
1070,1101,489,1097,397,0.444141689373297,0.3618960802187785
1080,1112,492,1107,400,0.44244604316546765,0.36133694670280037
1090,1122,494,1117,401,0.44028520499108736,0.35899731423455683
1100,1132,497,1128,407,0.43904593639575973,0.3608156028368794
1110,1142,502,1138,413,0.4395796847635727,0.36291739894551844
1120,1152,504,1148,417,0.4375,0.3632404181184669
1130,1162,509,1158,419,0.4380378657487091,0.36183074265975823
1140,1173,516,1168,421,0.4398976982097187,0.3604452054794521
1150,1183,521,1178,427,0.44040574809805577,0.3624787775891341
1160,1193,527,1189,430,0.44174350377200333,0.3616484440706476
1170,1203,530,1199,435,0.4405652535328346,0.3628023352793995
1180,1214,537,1209,440,0.44233937397034595,0.3639371381306865
1190,1224,542,1219,443,0.44281045751633985,0.3634126333059885
1200,1234,547,1229,447,0.44327390599675853,0.36371033360455657
1210,1244,550,1240,450,0.44212218649517687,0.3629032258064516
1220,1254,554,1250,456,0.44178628389154706,0.3648
1230,1265,560,1262,459,0.4426877470355731,0.36370839936608557
1240,1275,564,1273,466,0.4423529411764706,0.36606441476826396
1250,1285,569,1283,468,0.44280155642023344,0.36477007014809043
1260,1296,572,1293,472,0.44135802469135804,0.36504253673627224
1270,1306,577,1303,476,0.44180704441041346,0.36531082118188796
1280,1317,583,1314,478,0.44267274107820803,0.3637747336377473
1290,1328,589,1324,483,0.4435240963855422,0.3648036253776435
1300,1338,592,1334,486,0.44245142002989535,0.36431784107946025
1310,1348,598,1345,492,0.443620178041543,0.3657992565055762
1320,1358,602,1355,497,0.44329896907216493,0.36678966789667894
1330,1368,608,1366,498,0.4444444444444444,0.3645680819912152
1340,1378,609,1376,502,0.44194484760522496,0.3648255813953488
1350,1389,614,1387,506,0.44204463642908565,0.36481614996395095
1360,1401,617,1397,509,0.44039971448965026,0.36435218324982105
1370,1411,623,1407,513,0.44153082919914954,0.3646055437100213
1380,1421,629,1417,516,0.4426460239268121,0.3641496118560339
1390,1431,635,1427,521,0.4437456324248777,0.36510161177295025
1400,1441,639,1437,523,0.44344205412907706,0.3639526791927627
1410,1451,644,1447,528,0.44383184011026877,0.3648928818244644
1420,1461,648,1457,531,0.44353182751540043,0.3644474948524365
1430,1471,649,1468,538,0.44119646498980286,0.36648501362397823
1440,1481,653,1478,543,0.44091829844699526,0.36738836265223274
1450,1491,657,1488,547,0.44064386317907445,0.36760752688172044
1460,1501,660,1499,552,0.4397068620919387,0.3682454969979987
1470,1511,663,1510,556,0.4387822634017207,0.36821192052980134
1480,1521,669,1520,559,0.43984220907297833,0.36776315789473685
1490,1531,672,1530,565,0.4389288047028086,0.369281045751634
1500,1541,675,1540,570,0.4380272550292018,0.37012987012987014
1510,1551,680,1550,572,0.4384268214055448,0.3690322580645161
1520,1561,682,1561,579,0.4368994234465087,0.3709160794362588
1530,1571,685,1572,582,0.43602800763844685,0.3702290076335878
1540,1581,687,1582,586,0.43453510436432635,0.37041719342604296
1550,1592,691,1592,587,0.43404522613065327,0.3687185929648241
1560,1602,694,1602,594,0.4332084893882647,0.3707865168539326
1570,1612,696,1613,597,0.4317617866004963,0.37011779293242403
1580,1622,700,1624,601,0.4315659679408138,0.37007389162561577
1590,1632,704,1634,602,0.43137254901960786,0.3684210526315789
1600,1642,708,1644,607,0.43118148599269185,0.36922141119221413
1610,1653,715,1654,611,0.4325468844525106,0.3694074969770254
1620,1663,719,1664,616,0.43235117257967526,0.3701923076923077
1630,1673,724,1674,619,0.4327555289898386,0.3697729988052569
1640,1683,726,1684,624,0.43137254901960786,0.37054631828978624
1650,1693,730,1694,628,0.43118724158298877,0.3707201889020071
1660,1704,735,1704,631,0.43133802816901406,0.3703051643192488
1670,1714,739,1714,633,0.43115519253208867,0.3693115519253209
1680,1724,743,1725,636,0.4309744779582367,0.36869565217391304
1690,1734,745,1735,643,0.42964244521337946,0.37060518731988473
1700,1744,749,1746,647,0.4294724770642202,0.37056128293241697
1710,1754,756,1757,648,0.43101482326111745,0.36881047239612974
1720,1764,762,1767,650,0.43197278911564624,0.3678551216751556
1730,1775,770,1777,654,0.43380281690140843,0.36803601575689365
1740,1785,775,1787,656,0.4341736694677871,0.36709569110240625
1750,1796,779,1798,662,0.43374164810690424,0.3681868743047831
1760,1807,786,1808,663,0.43497509684560043,0.36670353982300885
1770,1817,790,1819,667,0.43478260869565216,0.36668499175371083
1780,1827,792,1829,672,0.43349753694581283,0.36741388737014763
1790,1837,796,1839,672,0.43331518780620576,0.36541598694942906
1800,1847,803,1849,675,0.4347590687601516,0.3650621957815035
1810,1858,809,1859,679,0.4354144241119483,0.3652501344809037
1820,1868,813,1869,688,0.4352248394004283,0.3681112894596041
1830,1878,818,1879,693,0.4355697550585729,0.3688131985098457
1840,1888,822,1889,701,0.4353813559322034,0.3710958178930651
1850,1899,826,1901,705,0.43496577145866244,0.37085744345081534
1860,1909,831,1911,710,0.43530644316396017,0.3715332286760858
1870,1919,837,1922,715,0.4361646690984888,0.3720083246618106
1880,1929,842,1932,721,0.43649559357179885,0.37318840579710144
1890,1939,848,1942,723,0.4373388344507478,0.3722966014418126
1900,1949,849,1952,724,0.43560800410466904,0.3709016393442623
1910,1959,855,1962,727,0.43644716692189894,0.3705402650356779
1920,1969,860,1972,733,0.4367699339766379,0.37170385395537525
1930,1980,864,1982,740,0.43636363636363634,0.37336024217961655
1940,1990,867,1992,744,0.435678391959799,0.37349397590361444
1950,2000,871,2002,749,0.4355,0.3741258741258741
1960,2010,877,2012,752,0.436318407960199,0.37375745526838966
1970,2020,881,2023,755,0.43613861386138614,0.37320810677212063
1980,2031,882,2033,760,0.4342688330871492,0.37383177570093457
1990,2041,884,2043,765,0.43312101910828027,0.3744493392070485
2000,2052,892,2054,770,0.4346978557504873,0.3748782862706913
2010,2062,896,2064,775,0.43452958292919497,0.375484496124031
2020,2075,900,2074,777,0.43373493975903615,0.3746383799421408
2030,2085,905,2084,780,0.434052757793765,0.3742802303262956
2040,2097,911,2094,782,0.43443013829279925,0.3734479465138491
2050,2107,916,2104,784,0.43474133839582346,0.3726235741444867
2060,2117,918,2115,789,0.4336324988190836,0.3730496453900709
2070,2127,923,2128,793,0.43394452280206863,0.3726503759398496
2080,2138,928,2139,798,0.43405051449953225,0.37307152875175315
2090,2148,934,2149,802,0.43482309124767227,0.37319683573755236
2100,2158,938,2159,805,0.43466172381835033,0.37285780453913847
2110,2169,944,2169,809,0.4352236053480867,0.37298294144767175
2120,2179,951,2179,812,0.4364387333639284,0.3726480036714089
2130,2189,957,2189,816,0.4371859296482412,0.37277295568752855
2140,2199,959,2199,820,0.43610732150977716,0.3728967712596635
2150,2209,961,2210,824,0.435038478949751,0.3728506787330317
2160,2219,965,2221,826,0.4348805768364128,0.3719045475011256
2170,2229,972,2231,832,0.4360699865410498,0.3729269385925594
2180,2239,976,2241,837,0.4359088878963823,0.37349397590361444
2190,2249,978,2251,841,0.43485993775011117,0.3736117281208352
2200,2259,982,2261,844,0.434705621956618,0.3732861565678903
2210,2269,986,2271,847,0.4345526663728515,0.37296345222369
2220,2279,991,2282,853,0.4348398420359807,0.373794916739702
2230,2290,995,2292,857,0.4344978165938865,0.3739092495636998
2240,2301,1001,2302,863,0.4350282485875706,0.3748913987836664
2250,2311,1003,2313,866,0.4340112505408914,0.37440553393860787
2260,2321,1008,2323,868,0.43429556225764754,0.37365475678002585
2270,2331,1009,2334,875,0.43286143286143286,0.3748928877463582
2280,2341,1013,2345,879,0.4327210593763349,0.37484008528784646
2290,2351,1015,2355,882,0.43173117822203316,0.37452229299363055
2300,2361,1015,2365,886,0.4299025836509953,0.37463002114164906
2310,2371,1021,2376,891,0.4306199915647406,0.375
2320,2381,1025,2386,896,0.43049139017219656,0.3755238893545683
2330,2392,1027,2396,898,0.42934782608695654,0.3747913188647746
2340,2403,1030,2406,904,0.4286308780690803,0.37572734829592686
2350,2413,1033,2416,905,0.42809780356402816,0.3745860927152318
2360,2426,1043,2426,905,0.4299258037922506,0.37304204451772466
2370,2436,1046,2436,909,0.4293924466338259,0.3731527093596059
2380,2446,1049,2446,914,0.42886345053147995,0.37367130008176613
2390,2456,1051,2458,920,0.42793159609120524,0.3742880390561432
2400,2466,1057,2468,923,0.4286293592862936,0.3739870340356564
2410,2476,1060,2478,927,0.4281098546042003,0.37409200968523004
2420,2488,1063,2488,931,0.4272508038585209,0.3741961414790997
2430,2499,1066,2498,935,0.42657062825130054,0.3742994395516413
2440,2509,1068,2508,939,0.4256675966520526,0.37440191387559807
2450,2519,1073,2518,942,0.425962683604605,0.37410643367752183
2460,2530,1078,2528,944,0.4260869565217391,0.37341772151898733
2470,2541,1082,2538,947,0.42581660763478946,0.3731284475965327
2480,2551,1083,2548,952,0.4245393963151705,0.37362637362637363
2490,2562,1084,2558,954,0.42310694769711166,0.37294761532447224
2500,2572,1088,2568,958,0.4230171073094868,0.37305295950155765
2510,2583,1092,2578,962,0.42276422764227645,0.37315748642358415
2520,2593,1093,2588,966,0.4215194755109911,0.3732612055641422
2530,2603,1097,2598,970,0.42143680368805225,0.37336412625096227
2540,2613,1102,2608,973,0.4217374665135859,0.37308282208588955
2550,2623,1107,2618,977,0.42203583682805945,0.37318563789152026
2560,2633,1108,2628,981,0.4208127611090011,0.3732876712328767
2570,2643,1113,2638,987,0.4211123723041998,0.3741470811220622
2580,2653,1119,2648,989,0.42178665661515263,0.3734894259818731
2590,2663,1121,2658,992,0.42095381149079986,0.3732129420617005
2600,2673,1126,2669,996,0.4212495323606435,0.3731734732109404
2610,2683,1134,2680,1003,0.42266120014908687,0.3742537313432836
2620,2693,1137,2690,1006,0.422205718529521,0.37397769516728624
2630,2704,1142,2700,1009,0.4223372781065089,0.3737037037037037
2640,2714,1147,2710,1012,0.42262343404568903,0.37343173431734317
2650,2724,1154,2720,1015,0.4236417033773862,0.37316176470588236
2660,2734,1158,2730,1016,0.42355523043160204,0.37216117216117217
2670,2744,1163,2740,1021,0.4238338192419825,0.37262773722627734
2680,2754,1166,2750,1024,0.4233841684822077,0.37236363636363634
2690,2764,1170,2760,1025,0.4232995658465991,0.3713768115942029
2700,2775,1173,2770,1033,0.4227027027027027,0.3729241877256318
2710,2785,1177,2783,1038,0.4226211849192101,0.3729787998562702
2720,2795,1179,2794,1041,0.42182468694096603,0.37258410880458126
2730,2806,1183,2804,1042,0.42159657875980044,0.3716119828815977
2740,2816,1186,2814,1045,0.4211647727272727,0.3713574982231699
2750,2827,1191,2824,1048,0.42129465864874427,0.37110481586402266
2760,2838,1196,2834,1055,0.4214235377026075,0.3722653493295695
2770,2849,1200,2844,1061,0.4212004212004212,0.3730661040787623
2780,2859,1203,2855,1065,0.42077649527806926,0.37302977232924694
2790,2869,1207,2865,1069,0.42070407807598464,0.3731239092495637
2800,2879,1208,2876,1075,0.41959013546370266,0.3737830319888734
2810,2890,1214,2886,1081,0.42006920415224913,0.37456687456687454
2820,2901,1219,2896,1082,0.42019993105825576,0.3736187845303867
2830,2911,1223,2906,1086,0.42013053933356237,0.3737095664143152
2840,2921,1227,2917,1092,0.42006162273194114,0.37435721631813507
2850,2931,1232,2927,1095,0.42033435687478676,0.37410317731465664
2860,2941,1234,2937,1098,0.41958517511050664,0.3738508682328907
2870,2951,1237,2947,1103,0.4191799390037276,0.3742789277231082
2880,2961,1238,2957,1108,0.4181019925700777,0.37470409198512006
2890,2972,1242,2967,1113,0.41790040376850607,0.3751263902932255
2900,2983,1244,2977,1117,0.4170298357358364,0.3752099428955324
2910,2993,1248,2987,1120,0.4169729368526562,0.3749581519919652
2920,3005,1256,2997,1125,0.4179700499168053,0.37537537537537535
2930,3016,1262,3007,1127,0.41843501326259946,0.374792151646159
2940,3026,1267,3017,1131,0.41870456047587573,0.37487570434206163
2950,3036,1272,3028,1135,0.4189723320158103,0.3748348745046235
2960,3046,1276,3038,1141,0.4189100459619173,0.37557603686635943
2970,3057,1280,3050,1147,0.4187111547268564,0.3760655737704918
2980,3067,1285,3061,1150,0.4189761982393218,0.37569421757595556
2990,3078,1288,3071,1155,0.4184535412605588,0.3760989905568219
3000,3088,1290,3081,1156,0.4177461139896373,0.37520285621551447
3010,3098,1294,3092,1158,0.4176888315041963,0.3745148771021992
3020,3108,1298,3102,1162,0.41763191763191765,0.37459703417150225
3030,3118,1301,3112,1166,0.41725465041693394,0.37467866323907456
3040,3128,1307,3122,1171,0.4178388746803069,0.37508007687379885
3050,3138,1312,3132,1175,0.4181007010834927,0.37515964240102173
3060,3149,1316,3142,1176,0.417910447761194,0.37428389560789305
3070,3160,1318,3152,1179,0.4170886075949367,0.3740482233502538
3080,3170,1322,3162,1181,0.4170347003154574,0.3734977862112587
3090,3180,1324,3173,1181,0.41635220125786165,0.3722029624960605
3100,3191,1327,3183,1184,0.41585709808837357,0.371976123154257
3110,3201,1334,3194,1185,0.4167447672602312,0.3710081402629931
3120,3211,1337,3205,1189,0.4163811896605419,0.37098283931357257
3130,3222,1342,3215,1193,0.4165114835505897,0.37107309486780715
3140,3232,1346,3225,1196,0.41646039603960394,0.37085271317829455
3150,3242,1351,3235,1200,0.41671807526218385,0.37094281298299847
3160,3252,1354,3245,1204,0.41635916359163594,0.3710323574730354
3170,3262,1358,3256,1209,0.41630901287553645,0.3713144963144963
3180,3272,1364,3266,1212,0.41687041564792177,0.3710961420698102
3190,3282,1369,3276,1215,0.41712370505789154,0.3708791208791209
3200,3293,1376,3286,1220,0.4178560583054965,0.3712720632988436
3210,3304,1383,3296,1224,0.41858353510895885,0.3713592233009709
3220,3314,1385,3307,1230,0.4179239589619795,0.37193831267009375
3230,3324,1387,3317,1233,0.41726835138387486,0.3717214350316551
3240,3334,1391,3327,1236,0.41721655668866225,0.3715058611361587
3250,3344,1395,3337,1240,0.4171650717703349,0.37159124962541207
3260,3354,1398,3348,1245,0.41681574239713776,0.3718637992831541
3270,3364,1403,3358,1247,0.4170630202140309,0.3713519952352591
3280,3374,1409,3368,1251,0.4176052163604031,0.37143705463182897
3290,3384,1415,3378,1253,0.41814420803782504,0.3709295441089402
3300,3394,1421,3388,1256,0.41868002357100764,0.3707201889020071
3310,3404,1425,3398,1261,0.41862514688601643,0.3711006474396704
3320,3415,1427,3408,1265,0.4178623718887262,0.3711854460093897
3330,3425,1430,3418,1268,0.41751824817518246,0.37097717963721477
3340,3435,1434,3428,1269,0.41746724890829695,0.3701866977829638
3350,3445,1438,3438,1277,0.4174165457184325,0.3714368819080861
3360,3455,1443,3448,1283,0.41765557163531114,0.3720997679814385
3370,3465,1445,3458,1286,0.417027417027417,0.37189126662810873
3380,3476,1450,3469,1288,0.41714614499424624,0.3712885557797636
3390,3486,1452,3479,1295,0.4165232358003442,0.3722334004024145
3400,3496,1458,3489,1301,0.4170480549199085,0.37288621381484666
3410,3506,1462,3499,1304,0.416999429549344,0.37267790797370676
3420,3517,1467,3509,1308,0.41711686096104633,0.37275577087489314
3430,3527,1469,3519,1313,0.41650127587184577,0.37311736288718383
3440,3537,1474,3529,1315,0.41673734803505796,0.37262680646075375
3450,3547,1478,3539,1318,0.4166901606991824,0.3724215880192145
3460,3557,1482,3549,1325,0.4166432386842845,0.3733446041138349
3470,3567,1487,3559,1329,0.41687692738996357,0.3734194998595111
3480,3577,1490,3569,1334,0.41655018171652225,0.37377416643317457
3490,3588,1494,3579,1338,0.41638795986622074,0.3738474434199497
3500,3598,1498,3589,1341,0.4163424124513619,0.3736416829200334
3510,3609,1501,3599,1342,0.41590468273760045,0.3728813559322034
3520,3619,1505,3609,1347,0.4158607350096712,0.37323358270989193
3530,3629,1508,3619,1350,0.41554147147974646,0.3730312240950539
3540,3639,1511,3629,1353,0.4152239626270954,0.37282998071093965
3550,3649,1516,3639,1358,0.41545628939435464,0.3731794449024457
3560,3659,1519,3649,1361,0.41514074883848046,0.3729788983283091
3570,3670,1527,3659,1364,0.41607629427792914,0.3727794479365947
3580,3680,1532,3669,1369,0.41630434782608694,0.37312619242300354
3590,3690,1534,3679,1374,0.4157181571815718,0.3734710519162816
3600,3701,1537,3689,1379,0.4152931640097271,0.3738140417457306
3610,3711,1542,3699,1381,0.41552142279708976,0.3733441470667748
3620,3721,1546,3709,1387,0.4154797097554421,0.37395524400107844
3630,3732,1551,3719,1390,0.41559485530546625,0.3737563861253025
3640,3742,1555,3729,1392,0.4155531801175842,0.37329042638777155
3650,3752,1558,3740,1394,0.4152452025586354,0.37272727272727274
3660,3763,1561,3751,1395,0.41482859420674995,0.371900826446281
3670,3773,1566,3761,1400,0.41505433342168035,0.3722414251528849
3680,3783,1570,3771,1403,0.41501453872587896,0.37204985415009284
3690,3793,1570,3781,1408,0.41392037964671763,0.3723882570748479
3700,3804,1574,3791,1414,0.4137749737118822,0.3729886573463466
3710,3814,1580,3802,1420,0.4142632406921867,0.3734876380852183
3720,3825,1589,3812,1426,0.4154248366013072,0.3740818467995803
3730,3835,1594,3822,1430,0.415645371577575,0.3741496598639456
3740,3846,1597,3832,1432,0.41523660946437857,0.3736951983298539
3750,3856,1604,3842,1436,0.41597510373443985,0.3737636647579386
3760,3866,1607,3853,1438,0.4156751163993792,0.37321567609654815
3770,3877,1612,3863,1443,0.41578540108331186,0.37354387781516957
3780,3887,1617,3874,1448,0.4160020581425264,0.3737738771295818
3790,3897,1623,3884,1451,0.41647421093148573,0.3735839340885685
3800,3907,1625,3894,1454,0.4159201433324802,0.3733949666153056
3810,3917,1631,3904,1457,0.41639009446004593,0.37320696721311475
3820,3927,1635,3914,1461,0.4163483575248281,0.37327542156361776
3830,3937,1638,3925,1464,0.41605283210566424,0.3729936305732484
3840,3948,1642,3935,1467,0.4159067882472138,0.37280813214739517
3850,3958,1645,3945,1471,0.41561394643759475,0.3728770595690748
3860,3969,1650,3955,1472,0.41572184429327286,0.37218710493046775
3870,3979,1658,3965,1477,0.4166876099522493,0.3725094577553594
3880,3989,1667,3975,1482,0.4178992228628729,0.3728301886792453
3890,4000,1673,3987,1485,0.41825,0.3724604966139955
3900,4010,1676,3997,1490,0.41795511221945136,0.3727795846885164
3910,4020,1680,4007,1494,0.417910447761194,0.37284751684552037
3920,4031,1684,4017,1498,0.4177623418506574,0.37291511077918843
3930,4041,1689,4027,1501,0.4179658500371195,0.3727340451949342
3940,4051,1693,4038,1505,0.4179215008639842,0.3727092620108965
3950,4061,1695,4049,1510,0.41738488057128786,0.37293158804643123
3960,4071,1697,4059,1513,0.4168508965856055,0.3727519093372752
3970,4083,1706,4069,1515,0.41783002694097476,0.37232735315802407
3980,4094,1712,4080,1520,0.41817293600390815,0.37254901960784315
3990,4104,1717,4090,1525,0.4183723196881092,0.37286063569682154
4000,4114,1720,4100,1527,0.41808458920758385,0.3724390243902439
4010,4125,1725,4110,1529,0.41818181818181815,0.37201946472019465
4020,4135,1727,4120,1532,0.41765417170495767,0.3718446601941748
4030,4145,1729,4131,1536,0.41712907117008446,0.3718228031953522
4040,4155,1732,4141,1537,0.41684717208182914,0.37116638493117604
4050,4165,1737,4151,1540,0.417046818727491,0.37099494097807756
4060,4175,1737,4161,1543,0.41604790419161675,0.37082432107666424
4070,4187,1747,4171,1545,0.4172438500119417,0.37041476864061373
4080,4197,1748,4181,1548,0.41648796759590184,0.3702463525472375
4090,4207,1752,4192,1551,0.4164487758497742,0.3699904580152672
4100,4217,1756,4204,1553,0.4164097699786578,0.36941008563273076
4110,4227,1758,4214,1557,0.41589779985805536,0.36948267679164687
4120,4237,1763,4224,1559,0.41609629454802927,0.3690814393939394
4130,4247,1766,4234,1560,0.41582293383564867,0.3684459140292867
4140,4257,1770,4244,1562,0.41578576462297395,0.36804901036757776
4150,4268,1774,4254,1568,0.415651358950328,0.3685942642219088
4160,4278,1778,4264,1573,0.415614773258532,0.36890243902439024
4170,4288,1781,4274,1577,0.41534514925373134,0.36897519887693025
4180,4299,1786,4284,1580,0.41544545243079783,0.36881419234360413
4190,4309,1788,4294,1586,0.4149454629844512,0.3693525850023288
4200,4320,1793,4304,1588,0.4150462962962963,0.36895910780669144
4210,4333,1797,4314,1590,0.4147242095545811,0.36856745479833103
4220,4343,1803,4324,1595,0.4151508174073221,0.3688714153561517
4230,4354,1807,4335,1599,0.4150206706476803,0.36885813148788926
4240,4364,1808,4345,1605,0.4142988084326306,0.3693901035673188
4250,4374,1812,4355,1607,0.41426611796982166,0.36900114810562573
4260,4384,1817,4365,1613,0.41446167883211676,0.3695303550973654
4270,4394,1819,4376,1615,0.4139736003641329,0.36905850091407677
4280,4404,1820,4386,1618,0.41326067211625794,0.3689010487916097
4290,4414,1824,4396,1622,0.4132306298142275,0.3689717925386715
4300,4424,1827,4406,1626,0.4129746835443038,0.3690422151611439
4310,4434,1830,4416,1630,0.41271989174560214,0.3691123188405797
4320,4444,1835,4426,1635,0.41291629162916293,0.36940804338002714
4330,4454,1839,4436,1637,0.4128872923215088,0.36902614968440034
4340,4464,1846,4447,1641,0.4135304659498208,0.3690128176298628
4350,4474,1851,4457,1644,0.413723737147966,0.36885797621718647
4360,4484,1855,4467,1650,0.41369313113291706,0.36937541974479515
4370,4496,1861,4477,1651,0.413923487544484,0.36877373241009603
4380,4507,1867,4488,1653,0.4142445085422676,0.36831550802139035
4390,4517,1873,4498,1656,0.41465574496347135,0.3681636282792352
4400,4527,1880,4508,1660,0.41528606140932184,0.3682342502218279
4410,4538,1883,4518,1663,0.41494050242397534,0.36808322266489596
4420,4548,1886,4528,1666,0.4146877748460862,0.3679328621908127
4430,4559,1890,4539,1670,0.4145645974994516,0.36792244987882794
4440,4569,1895,4549,1675,0.41475158678047713,0.36821279402066387
4450,4580,1897,4559,1676,0.4141921397379913,0.3676244790524238
4460,4590,1904,4569,1680,0.4148148148148148,0.36769533814839134
4470,4600,1908,4579,1682,0.4147826086956522,0.36732911115964184
4480,4610,1911,4591,1686,0.4145336225596529,0.367240252668264
4490,4620,1915,4601,1688,0.4145021645021645,0.3668767659204521
4500,4630,1921,4611,1690,0.41490280777537797,0.36651485577965737
4510,4640,1925,4621,1693,0.41487068965517243,0.36637091538628
4520,4650,1930,4631,1697,0.4150537634408602,0.36644353271431657
4530,4660,1933,4641,1701,0.4148068669527897,0.3665158371040724
4540,4670,1939,4652,1703,0.41520342612419703,0.36607910576096303
4550,4680,1940,4662,1704,0.41452991452991456,0.3655083655083655
4560,4691,1943,4672,1709,0.4141973992752078,0.3657962328767123
4570,4701,1944,4682,1715,0.4135290363752393,0.3662964545066211
4580,4711,1948,4693,1719,0.4135003184037359,0.366290219475815
4590,4721,1951,4703,1723,0.4132599025630163,0.3663618966617053
4600,4732,1953,4713,1728,0.41272189349112426,0.3666454487587524
4610,4742,1956,4724,1729,0.4124841838886546,0.36600338696020324
4620,4753,1962,4734,1732,0.4127919208920682,0.36586396282213773
4630,4763,1965,4745,1736,0.4125551123241654,0.3658587987355111
4640,4774,1970,4755,1739,0.41265186426476747,0.36572029442691906
4650,4784,1971,4765,1742,0.4119983277591973,0.36558237145855194
4660,4794,1974,4775,1748,0.4117647058823529,0.36607329842931935
4670,4804,1979,4785,1753,0.41194837635303916,0.3663531870428422
4680,4815,1984,4795,1755,0.41204569055036344,0.3660062565172054
4690,4825,1988,4805,1757,0.412020725388601,0.3656607700312175
4700,4835,1990,4815,1764,0.41158221302998965,0.3663551401869159
4710,4845,1994,4825,1769,0.4115583075335397,0.3666321243523316
4720,4855,1997,4835,1771,0.4113285272914521,0.36628748707342296
4730,4865,1999,4845,1774,0.41089414182939366,0.36615067079463365
4740,4876,2000,4855,1778,0.41017227235438886,0.3662203913491246
4750,4886,2005,4865,1782,0.410356119525174,0.36628982528263104
4760,4896,2009,4875,1784,0.4103349673202614,0.36594871794871797
4770,4906,2015,4885,1788,0.4107215654300856,0.3660184237461617
4780,4916,2020,4895,1795,0.41090317331163545,0.36670071501532175
4790,4926,2024,4906,1797,0.4108810393828664,0.36628618018752546
4800,4936,2029,4916,1805,0.4110615883306321,0.3671684296175753
4810,4946,2031,4926,1809,0.4106348564496563,0.36723507917174175
4820,4956,2036,4936,1813,0.41081517352703795,0.3673014586709887
4830,4966,2040,4946,1818,0.4107933950865888,0.3675697533360291
4840,4976,2045,4956,1825,0.4109726688102894,0.3682405165456013
4850,4986,2048,4966,1832,0.4107501002807862,0.3689085783326621
4860,4996,2055,4976,1839,0.4113290632506005,0.3695739549839228
4870,5007,2062,4986,1840,0.41182344717395647,0.36903329322101885
4880,5017,2065,4996,1845,0.41160055810245166,0.36929543634907924
4890,5027,2065,5006,1849,0.410781778396658,0.3693567718737515
4900,5037,2068,5017,1851,0.41056184236648796,0.36894558501096275
4910,5047,2071,5027,1856,0.41034277788785417,0.36920628605530137
4920,5058,2074,5040,1860,0.4100434954527481,0.36904761904761907
4930,5069,2075,5050,1863,0.40935095679621225,0.3689108910891089
4940,5079,2080,5061,1868,0.4095294349281355,0.369097016399921
4950,5091,2086,5071,1876,0.409742683166372,0.3699467560638927
4960,5101,2091,5081,1878,0.40991962360321504,0.36961228104703797
4970,5111,2095,5092,1882,0.40990021522207004,0.36959937156323647
4980,5121,2100,5102,1885,0.4100761570005858,0.3694629557036456
4990,5131,2106,5112,1888,0.41044630676281424,0.36932707355242567
5000,5141,2111,5122,1891,0.4106205018478895,0.3691917219836002
5010,5151,2114,5134,1896,0.4104057464569986,0.36930268796260224
5020,5161,2120,5144,1900,0.4107731059872118,0.3693623639191291
5030,5171,2125,5155,1905,0.41094565847998454,0.36954413191076624
5040,5181,2130,5165,1910,0.41111754487550667,0.3697967086156825
5050,5191,2132,5175,1915,0.4107108456944712,0.370048309178744
5060,5201,2138,5185,1919,0.41107479330897906,0.37010607521697203
5070,5211,2140,5195,1922,0.4106697370946076,0.3699711260827719
5080,5221,2146,5206,1924,0.4110323692779161,0.3695735689588936
5090,5231,2153,5216,1926,0.41158478302427837,0.3692484662576687
5100,5241,2157,5226,1931,0.4115626788780767,0.36949866054343666
5110,5252,2163,5236,1935,0.41184310738766183,0.3695569136745607
5120,5263,2172,5247,1939,0.4126923807714231,0.3695445016199733
5130,5273,2176,5257,1942,0.41266831025981415,0.3694122122883774
5140,5283,2178,5268,1946,0.4122657580919932,0.3694001518602885
5150,5293,2182,5278,1949,0.4122425845456263,0.36926866237211065
5160,5303,2184,5289,1955,0.41184235338487646,0.3696350916997542
5170,5314,2189,5299,1959,0.4119307489649981,0.3696923947914701
5180,5325,2196,5309,1960,0.4123943661971831,0.36918440384253154
5190,5335,2198,5319,1965,0.4119962511715089,0.3694303440496334
5200,5345,2200,5329,1969,0.411599625818522,0.3694877087633702
5210,5355,2204,5340,1973,0.41157796451914097,0.3694756554307116
5220,5366,2209,5350,1977,0.41166604547148716,0.3695327102803738
5230,5376,2214,5360,1982,0.41183035714285715,0.36977611940298505
5240,5387,2216,5370,1986,0.4113606831260442,0.36983240223463687
5250,5397,2220,5380,1991,0.4113396331295164,0.37007434944237916
5260,5407,2226,5390,1993,0.4116885518771962,0.36975881261595545
5270,5417,2229,5400,1996,0.41148237031567286,0.36962962962962964
5280,5427,2235,5410,1999,0.41182974018794916,0.36950092421441777
5290,5437,2236,5420,2003,0.4112562074673533,0.3695571955719557
5300,5448,2241,5430,2006,0.41134361233480177,0.3694290976058932
5310,5458,2245,5440,2007,0.4113228288750458,0.3689338235294118
5320,5469,2251,5450,2008,0.41159261290912413,0.36844036697247706
5330,5479,2255,5461,2013,0.4115714546450082,0.36861380699505586
5340,5491,2260,5471,2015,0.41158258969222367,0.36830561140559315
5350,5501,2266,5481,2018,0.41192510452644976,0.36818098887064404
5360,5512,2271,5491,2021,0.4120101596516691,0.36805682025132036
5370,5522,2272,5504,2028,0.4114451285766027,0.3684593023255814
5380,5532,2276,5515,2032,0.41142443962400577,0.3684496826835902
5390,5542,2279,5526,2039,0.4112233850595453,0.36898298950416214
5400,5552,2281,5536,2044,0.410842939481268,0.36921965317919075
5410,5562,2284,5546,2050,0.41064365336209996,0.3696357735304724
5420,5572,2287,5557,2055,0.41044508255563533,0.3698038509987403
5430,5584,2292,5567,2058,0.41045845272206305,0.3696784623675229
5440,5594,2296,5578,2063,0.410439756882374,0.36984582287558265
5450,5604,2298,5588,2066,0.4100642398286938,0.3697208303507516
5460,5614,2302,5598,2068,0.4100463127894549,0.3694176491604144
5470,5625,2306,5609,2074,0.4099555555555556,0.3697628810839722
5480,5635,2310,5619,2076,0.40993788819875776,0.3694607581420182
5490,5645,2315,5629,2082,0.41009743135518156,0.36987031444306273
5500,5655,2321,5640,2086,0.4104332449160035,0.3698581560283688
5510,5665,2325,5652,2088,0.41041482789055606,0.36942675159235666
5520,5675,2331,5662,2093,0.4107488986784141,0.3696573648887319
5530,5685,2337,5672,2099,0.41108179419525065,0.37006346967559944
5540,5695,2343,5682,2099,0.41141352063213343,0.36941217881027805
5550,5706,2348,5692,2102,0.411496670171749,0.3692902319044273
5560,5716,2352,5703,2105,0.41147655703289016,0.3691039803612134
5570,5726,2354,5713,2109,0.41110723017813483,0.3691580605636268
5580,5736,2357,5724,2111,0.4109135285913529,0.3687980433263452
5590,5746,2361,5735,2118,0.41089453532892445,0.36931124673060156
5600,5756,2365,5745,2121,0.4108756080611536,0.3691906005221932
5610,5766,2367,5755,2124,0.4105098855359001,0.3690703735881842
5620,5776,2369,5766,2127,0.4101454293628809,0.3688865764828304
5630,5786,2375,5776,2131,0.4104735568613896,0.3689404432132964
5640,5796,2377,5786,2132,0.4101104209799862,0.3684756308330453
5650,5806,2379,5797,2137,0.40974853599724426,0.3686389511816457
5660,5816,2384,5807,2142,0.40990371389270974,0.3688651627346306
5670,5826,2389,5817,2145,0.4100583590799863,0.36874677668901495
5680,5836,2391,5827,2147,0.409698423577793,0.36845718208340483
5690,5846,2396,5837,2151,0.4098528908655491,0.36851122151790305
5700,5856,2401,5847,2156,0.4100068306010929,0.36873610398494955
5710,5866,2402,5857,2160,0.4094783498124787,0.36878948267030903
5720,5876,2403,5867,2164,0.4089516678012253,0.3688426793932163
5730,5887,2407,5877,2168,0.4088669950738916,0.3688956950825251
5740,5898,2411,5888,2176,0.4087826381824347,0.3695652173913043
5750,5908,2416,5899,2180,0.40893703452945157,0.3695541617223258
5760,5918,2419,5909,2181,0.4087529570800946,0.36909798612286343
5770,5929,2422,5919,2186,0.4085005903187721,0.3693191417469167
5780,5939,2425,5929,2189,0.40831789863613405,0.3692022263450835
5790,5949,2427,5939,2193,0.4079677256681795,0.36925408317898634
5800,5959,2432,5951,2197,0.4081221681490183,0.36918165014283316
5810,5969,2436,5961,2200,0.40810856089797287,0.36906559302130515
5820,5980,2440,5971,2203,0.4080267558528428,0.3689499246357394
5830,5992,2443,5982,2204,0.4077102803738318,0.36843864928117687
5840,6002,2447,5992,2208,0.4076974341886038,0.3684913217623498
5850,6012,2450,6002,2211,0.4075182967398536,0.3683772075974675
5860,6022,2455,6012,2215,0.40767186981069414,0.36842980705256156
5870,6032,2456,6022,2219,0.40716180371352784,0.3684822318166722
5880,6042,2458,6033,2223,0.40681893412777226,0.3684733963202387
5890,6053,2465,6044,2225,0.40723608128200894,0.3681336863004633
5900,6063,2469,6054,2227,0.40722414646214744,0.36785596299966966
5910,6073,2471,6065,2230,0.406882924419562,0.3676834295136026
5920,6083,2474,6075,2236,0.4067072168337991,0.36806584362139916
5930,6094,2479,6085,2239,0.40679356744338696,0.36795398520953165
5940,6105,2483,6095,2242,0.4067158067158067,0.3678424938474159
5950,6116,2488,6105,2246,0.40680183126226294,0.3678951678951679
5960,6127,2491,6115,2249,0.4065611228986453,0.36778413736713
5970,6137,2496,6125,2255,0.4067133778719244,0.3681632653061224
5980,6148,2502,6135,2259,0.4069616135328562,0.36821515892420537
5990,6158,2507,6145,2262,0.40711269892822344,0.3681041497152156
6000,6168,2511,6156,2265,0.4071011673151751,0.3679337231968811
6010,6178,2514,6166,2267,0.40692780835221753,0.36766136879662664
6020,6188,2514,6178,2272,0.40627020038784745,0.36775655551958564
6030,6198,2519,6189,2278,0.4064214262665376,0.3680723864921635
6040,6208,2523,6199,2281,0.4064110824742268,0.3679625746088079
6050,6219,2527,6209,2284,0.40633542370155973,0.3678531164438718
6060,6229,2530,6219,2284,0.4061647134371488,0.36726161762341214
6070,6239,2530,6229,2286,0.40551370411924986,0.3669930968052657
6080,6251,2538,6239,2291,0.40601503759398494,0.3672062830581824
6090,6261,2544,6249,2293,0.40632486823191183,0.366938710193631
6100,6271,2551,6259,2298,0.4067931749322277,0.36715130212494007
6110,6282,2552,6270,2301,0.40624005093919136,0.36698564593301436
6120,6292,2557,6280,2305,0.40638906547997455,0.36703821656050956
6130,6302,2560,6290,2307,0.4062202475404633,0.36677265500794914
6140,6312,2563,6300,2308,0.40605196451204056,0.36634920634920637
6150,6323,2570,6311,2309,0.40645263324371345,0.365869117414039
6160,6334,2575,6321,2316,0.40653615408904326,0.36639772187944947
6170,6344,2579,6331,2320,0.40652585119798235,0.36645079766229666
6180,6354,2583,6341,2320,0.4065155807365439,0.3658728907112443
6190,6364,2587,6351,2321,0.40650534255185417,0.365454259171784
6200,6375,2594,6361,2323,0.40690196078431373,0.36519415186291465
6210,6385,2599,6371,2327,0.40704776820673455,0.36524878355046303
6220,6396,2605,6381,2332,0.407285803627267,0.3654599592540354
6230,6407,2609,6392,2339,0.40721086311846416,0.3659261576971214
6240,6417,2612,6403,2345,0.4070437899329905,0.3662345775417773
6250,6427,2614,6413,2352,0.4067216430683056,0.3667550288476532
6260,6437,2619,6423,2357,0.40686655274196054,0.366962478592558
6270,6447,2623,6433,2358,0.4068559019699085,0.3665474895072284
6280,6457,2628,6443,2366,0.407000154870683,0.3672202390190905
6290,6467,2634,6453,2369,0.40729859285603837,0.36711607004494035
6300,6477,2639,6465,2372,0.407441716844218,0.3668986852281516
6310,6487,2646,6475,2376,0.4078927084939109,0.36694980694980694
6320,6497,2653,6486,2382,0.4083423118362321,0.36725254394079554
6330,6507,2657,6496,2386,0.40832949131704316,0.36730295566502463
6340,6518,2659,6506,2391,0.40794722307456277,0.367506916692284
6350,6528,2661,6516,2393,0.40762867647058826,0.36724984653161447
6360,6539,2665,6526,2397,0.40755467196819084,0.3673000306466442
6370,6549,2669,6536,2398,0.4075431363566957,0.36689106487148104
6380,6559,2673,6546,2399,0.40753163592010977,0.36648334860983806
6390,6569,2678,6557,2402,0.40767240066981275,0.36632606374866555
6400,6579,2681,6567,2404,0.4075087399300806,0.36607278818334094
6410,6590,2684,6577,2407,0.4072837632776935,0.3659723278090315
6420,6601,2690,6587,2410,0.407514013028329,0.36587217246090786
6430,6611,2693,6598,2413,0.40735138405687493,0.3657168839042134
6440,6621,2698,6608,2419,0.40749131551125206,0.36607142857142855
6450,6631,2703,6619,2423,0.40763082491328606,0.36606738177972503
6460,6641,2705,6629,2425,0.40731817497364853,0.3658168652888822
6470,6651,2709,6639,2428,0.40730717185385656,0.36571772857358037
6480,6661,2713,6649,2432,0.4072962017715058,0.3657692886148293
6490,6671,2716,6659,2437,0.40713536201469047,0.3659708664964709
6500,6682,2722,6669,2443,0.4073630649506136,0.36632178737441895
6510,6693,2729,6680,2449,0.40773942925444495,0.36661676646706587
6520,6704,2733,6690,2451,0.4076670644391408,0.3663677130044843
6530,6716,2737,6700,2455,0.4075342465753425,0.3664179104477612
6540,6726,2742,6710,2461,0.40767172167707405,0.36676602086438154
6550,6736,2744,6722,2465,0.40736342042755347,0.36670633739958347
6560,6746,2749,6733,2467,0.4075007411799585,0.3664042774394772
6570,6756,2754,6743,2471,0.40763765541740676,0.3664541005487172
6580,6766,2761,6754,2475,0.4080697605675436,0.36644951140065146
6590,6778,2769,6765,2476,0.40852758925936855,0.36600147819660017
6600,6788,2771,6775,2480,0.4082203889216264,0.36605166051660515
6610,6798,2776,6786,2485,0.40835539864666076,0.3661951075744179
6620,6808,2781,6796,2490,0.40849001175088134,0.36639199529134786
6630,6818,2784,6806,2493,0.40833088882370194,0.3662944460769909
6640,6828,2786,6816,2497,0.4080257762155829,0.366343896713615
6650,6839,2792,6827,2502,0.408246819710484,0.36648601142522336
6660,6849,2797,6838,2503,0.4083807855161337,0.3660427025446037
6670,6859,2799,6848,2507,0.40807697915147984,0.36609228971962615
6680,6869,2804,6858,2510,0.40821080215460764,0.3659959171770195
6690,6881,2813,6868,2511,0.4088068594681006,0.36560861968549796
6700,6892,2818,6878,2513,0.4088798607080673,0.3653678394882233
6710,6902,2821,6889,2515,0.40872210953346855,0.36507475685876034
6720,6913,2826,6899,2519,0.40879502386807465,0.3651253804899261
6730,6923,2831,6909,2521,0.4089267658529539,0.36488638008394847
6740,6933,2836,6919,2524,0.4090581277946055,0.3647926000867177
6750,6944,2839,6930,2531,0.4088421658986175,0.36522366522366523
6760,6955,2841,6940,2535,0.40848310567936735,0.36527377521613835
6770,6965,2844,6950,2538,0.4083273510409189,0.3651798561151079
6780,6975,2847,6960,2541,0.40817204301075266,0.36508620689655175
6790,6985,2850,6970,2545,0.408017179670723,0.3651362984218077
6800,6995,2851,6980,2549,0.40757684060042887,0.36518624641833813
6810,7005,2855,6991,2551,0.40756602426837973,0.36489772564726075
6820,7015,2858,7001,2555,0.4074126870990734,0.3649478645907727
6830,7025,2863,7012,2560,0.40754448398576515,0.36508841985168283
6840,7035,2866,7022,2561,0.4073916133617626,0.3647109085730561
6850,7045,2872,7032,2564,0.4076650106458481,0.3646188850967008
6860,7055,2877,7042,2571,0.4077958894401134,0.3650951434251633
6870,7066,2882,7052,2573,0.4078686668553637,0.36486103233125355
6880,7077,2885,7062,2578,0.4076586124063869,0.3650523930897763
6890,7087,2888,7072,2581,0.4075067024128686,0.364960407239819
6900,7099,2896,7084,2586,0.4079447809550641,0.3650479954827781
6910,7109,2899,7094,2593,0.4077929385286257,0.3655201578798985
6920,7120,2904,7105,2597,0.40786516853932586,0.36551724137931035
6930,7131,2907,7116,2601,0.4076567101388305,0.3655143338954469
6940,7141,2911,7126,2608,0.4076459879568688,0.36598372158293574
6950,7151,2915,7136,2610,0.40763529576283036,0.3657511210762332
6960,7161,2922,7146,2615,0.4080435693338919,0.36593898684578785
6970,7171,2925,7156,2619,0.40789290196625294,0.3659865846841811
6980,7181,2930,7166,2621,0.4080211669683888,0.3657549539492046
6990,7191,2937,7176,2622,0.40842720066750104,0.36538461538461536
7000,7201,2941,7187,2627,0.4084154978475212,0.36552107972728537
7010,7211,2947,7197,2631,0.40868118152822075,0.36556898707794916
7020,7221,2950,7207,2635,0.4085306744218252,0.3656167614818926
7030,7231,2952,7217,2637,0.4082422901396764,0.3653872800332548
7040,7241,2957,7227,2641,0.4083690098052755,0.36543517365435174
7050,7251,2962,7238,2642,0.40849537994759344,0.3650179607626416
7060,7261,2969,7249,2648,0.40889684616444016,0.36529176438129396
7070,7271,2972,7259,2655,0.40874707743088984,0.36575285852045736
7080,7281,2975,7269,2657,0.4085977200933938,0.3655248314761315
7090,7291,2981,7279,2659,0.4088602386503909,0.365297430965792
7100,7301,2983,7289,2665,0.4085741679222024,0.3656194265331321
7110,7311,2989,7301,2672,0.40883600054712077,0.3659772633885769
7120,7321,2995,7311,2679,0.409097117880071,0.36643414033647925
7130,7331,2999,7322,2681,0.4090847087709726,0.36615678776290633
7140,7341,3005,7332,2683,0.4093447759160877,0.3659301691216585
7150,7351,3009,7343,2689,0.4093320636648075,0.36619910118480187
7160,7361,3012,7353,2693,0.409183534845809,0.3662450700394397
7170,7372,3015,7363,2696,0.40897992403689637,0.3661550998234415
7180,7382,3019,7374,2701,0.40896775941479274,0.3662869541632764
7190,7392,3023,7384,2702,0.4089556277056277,0.3659263271939328
7200,7402,3027,7394,2705,0.4089435287760065,0.3658371652691371
7210,7413,3029,7404,2708,0.40860650209092136,0.3657482441923285
7220,7423,3030,7414,2711,0.4081907584534555,0.36565956298893987
7230,7433,3035,7426,2716,0.4083142741826988,0.36574198761109616
7240,7443,3037,7436,2719,0.40803439473330644,0.3656535771920387
7250,7453,3041,7446,2722,0.4080236146518181,0.36556540424388934
7260,7463,3045,7456,2726,0.4080128634597347,0.3656115879828326
7270,7473,3050,7466,2730,0.4081359561086578,0.3656576480042861
7280,7483,3053,7476,2732,0.40799144728050246,0.36543606206527557
7290,7493,3057,7488,2739,0.40798078206325905,0.3657852564102564
7300,7503,3058,7498,2741,0.4075703052112488,0.36556415044011736
7310,7513,3063,7509,2744,0.4076933315586317,0.3654281528832068
7320,7524,3067,7519,2747,0.4076289207868155,0.3653411357893337
7330,7535,3072,7530,2751,0.40769741207697413,0.36533864541832667
7340,7545,3075,7540,2756,0.40755467196819084,0.36551724137931035
7350,7555,3079,7550,2763,0.4075446724023825,0.36596026490066225
7360,7567,3086,7561,2767,0.4078234439011497,0.36595688401005155
7370,7577,3092,7571,2772,0.408077075359641,0.3661339321093647
7380,7587,3095,7583,2774,0.40793462501647554,0.36581827772649345
7390,7598,3099,7594,2778,0.40787049223479865,0.36581511719778775
7400,7608,3103,7604,2784,0.40786014721345953,0.3661230931088901
7410,7619,3107,7614,2786,0.40779629872686707,0.3659049120042028
7420,7629,3109,7624,2789,0.4075239218770481,0.36581846799580275
7430,7639,3111,7635,2794,0.40725225814897237,0.3659462999345121
7440,7649,3115,7646,2796,0.407242776833573,0.3656814020402825
7450,7659,3120,7657,2801,0.4073638856247552,0.3658090636019329
7460,7669,3126,7668,2806,0.4076150736732299,0.36593635889410536
7470,7679,3129,7679,2810,0.4074749316317229,0.36593306420106786
7480,7690,3131,7690,2815,0.4071521456436931,0.3660598179453836
7490,7700,3135,7700,2820,0.40714285714285714,0.36623376623376624
7500,7710,3138,7711,2825,0.40700389105058365,0.36635974581766306
7510,7720,3141,7721,2830,0.40686528497409324,0.36653283253464575
7520,7731,3145,7732,2836,0.4068037770016815,0.3667873771339886
7530,7741,3149,7742,2842,0.40679498772768374,0.3670886075949367
7540,7752,3154,7752,2847,0.4068627450980392,0.36726006191950467
7550,7762,3157,7763,2851,0.4067250708580263,0.36725492721885866
7560,7772,3161,7773,2854,0.40671641791044777,0.36716840344783225
7570,7782,3165,7783,2858,0.40670778720123363,0.367210587177181
7580,7792,3171,7793,2863,0.4069558521560575,0.36738098293340177
7590,7802,3176,7803,2867,0.407075108946424,0.36742278610790724
7600,7813,3181,7813,2872,0.4071419429156534,0.3675924740816588
7610,7823,3185,7823,2875,0.4071328134986578,0.3675060718394478
7620,7833,3190,7833,2877,0.4072513723988255,0.3672922252010724
7630,7843,3195,7843,2882,0.4073696289685069,0.36746143057503505
7640,7854,3199,7854,2884,0.40730837789661317,0.3672014260249554
7650,7864,3203,7865,2887,0.4072990844354018,0.3670692943420216
7660,7875,3208,7875,2892,0.4073650793650794,0.36723809523809525
7670,7885,3214,7885,2896,0.40760938490805326,0.36727964489537096
7680,7895,3217,7895,2899,0.40747308423052564,0.36719442685243825
7690,7906,3219,7905,2902,0.4071591196559575,0.3671094244149273
7700,7916,3220,7915,2906,0.4067710965133906,0.367150979153506
7710,7926,3222,7926,2910,0.4065102195306586,0.36714610143830434
7720,7936,3229,7936,2914,0.4068800403225806,0.3671875
7730,7946,3232,7946,2917,0.4067455323433174,0.367102944877926
7740,7956,3237,7957,2919,0.4068627450980392,0.3668468015583763
7750,7967,3239,7967,2921,0.4065520271118363,0.3666373791891553
7760,7978,3243,7977,2924,0.4064928553522186,0.3665538422966027
7770,7989,3248,7987,2928,0.40655901865064464,0.36659571804181795
7780,7999,3251,7998,2929,0.40642580322540317,0.36621655413853466
7790,8009,3256,8008,2931,0.40654263953052816,0.36600899100899104
7800,8020,3262,8018,2936,0.4067331670822943,0.3661761037665253
7810,8030,3265,8028,2942,0.4066002490660025,0.36646736422521176
7820,8040,3271,8038,2945,0.4068407960199005,0.36638467280418013
7830,8050,3275,8049,2950,0.40683229813664595,0.36650515591999006
7840,8060,3279,8061,2954,0.4068238213399504,0.36645577471777696
7850,8070,3283,8072,2958,0.40681536555142506,0.36645193260654113
7860,8080,3285,8083,2964,0.40655940594059403,0.3666955338364469
7870,8090,3287,8093,2966,0.4063040791100124,0.36648955887804274
7880,8100,3288,8103,2970,0.4059259259259259,0.36653091447611996
7890,8110,3294,8113,2972,0.4061652281134402,0.3663256501910514
7900,8121,3298,8123,2976,0.40610762221401303,0.36636710574910747
7910,8131,3300,8134,2982,0.40585413848235147,0.36660929432013767
7920,8141,3302,8144,2986,0.40560127748433855,0.3666502946954813
7930,8151,3308,8155,2990,0.4058397742608269,0.3666462293071735
7940,8161,3313,8165,2992,0.40595515255483394,0.36644213104715245
7950,8171,3316,8175,2995,0.4058254803573614,0.36636085626911313
7960,8181,3320,8185,2998,0.40581835961373913,0.3662797800855223
7970,8191,3325,8196,3001,0.4059333414723477,0.3661542215714983
7980,8201,3331,8206,3007,0.40616997927082066,0.3664391908359737
7990,8211,3332,8216,3011,0.4057971014492754,0.36648003894839337
8000,8221,3338,8227,3015,0.4060333292786766,0.3664762367813298
8010,8231,3342,8237,3018,0.4060259992710485,0.3663955323540124
8020,8241,3348,8247,3021,0.4062613760465963,0.3663150236449618
8030,8251,3351,8257,3023,0.40613258998909224,0.3661136005813249
8040,8261,3356,8267,3026,0.40624621716499215,0.3660336276763034
8050,8271,3359,8278,3029,0.40611776085116674,0.3659096400096642
8060,8281,3364,8289,3032,0.40623113150585677,0.3657859814211606
8070,8291,3369,8300,3037,0.40634422868170306,0.3659036144578313
8080,8301,3372,8310,3040,0.40621611853993495,0.3658243080625752
8090,8311,3378,8320,3043,0.40644928408133796,0.3657451923076923
8100,8321,3381,8330,3047,0.40632135560629734,0.36578631452581034
8110,8331,3383,8340,3052,0.40607370063617815,0.36594724220623503
8120,8341,3388,8351,3057,0.4061863085960916,0.3660639444377919
8130,8351,3391,8361,3060,0.4060591545922644,0.36598493003229277
8140,8361,3395,8371,3063,0.4060519076665471,0.36590610440807547
8150,8371,3399,8381,3067,0.4060446780551905,0.3659467843932705
8160,8381,3404,8392,3073,0.40615678320009546,0.3661820781696854
8170,8391,3409,8402,3074,0.4062686211416994,0.36586527017376813
8180,8401,3412,8412,3076,0.4061421259373884,0.3656680932001902
8190,8412,3416,8422,3081,0.4060865430337613,0.3658275943956305
8200,8422,3419,8432,3084,0.40596057943481356,0.36574952561669827
8210,8432,3422,8442,3089,0.4058349146110057,0.36590855247571663
8220,8442,3426,8453,3095,0.4058280028429282,0.3661421980362002
8230,8452,3431,8465,3098,0.40593942262186467,0.36597755463673953
8240,8462,3436,8475,3102,0.406050579059324,0.3660176991150442
8250,8472,3443,8485,3105,0.4063975448536355,0.36593989393046555
8260,8482,3448,8495,3109,0.4065078990804056,0.36597998822836963
8270,8492,3449,8505,3110,0.4061469618464437,0.36566725455614346
8280,8502,3456,8515,3110,0.40649258997882853,0.36523781561949503
8290,8512,3459,8525,3112,0.40636748120300753,0.36504398826979473
8300,8522,3463,8535,3118,0.40636000938746775,0.36531927357937904
8310,8532,3465,8545,3124,0.4061181434599156,0.3655939145699239
8320,8543,3470,8555,3127,0.4061804986538687,0.36551724137931035
8330,8553,3474,8565,3128,0.4061732725359523,0.36520723876240513
8340,8564,3477,8575,3130,0.4060018682858477,0.3650145772594752
8350,8574,3482,8585,3134,0.4061114998833683,0.365055329062318
8360,8584,3486,8595,3140,0.40610438024231127,0.36532867946480513
8370,8595,3492,8605,3145,0.406282722513089,0.3654851830331203
8380,8606,3496,8615,3148,0.40622821287473854,0.3654091700522345
8390,8616,3499,8626,3150,0.4061049210770659,0.3651750521678646
8400,8626,3504,8636,3154,0.40621377231625316,0.3652153774895785
8410,8636,3507,8646,3158,0.4060907827698008,0.3652556095304187
8420,8647,3514,8657,3160,0.4063837168960333,0.365022525124177
8430,8659,3519,8667,3163,0.40639796743272893,0.3649475020191531
8440,8669,3526,8677,3164,0.40673664782558544,0.36464215742768236
8450,8679,3529,8687,3167,0.40661366516879827,0.36456774490618166
8460,8690,3533,8697,3172,0.40655926352128885,0.36472346786248133
8470,8701,3538,8707,3177,0.4066199287438225,0.3648788331227748
8480,8711,3543,8717,3179,0.406727126621513,0.3646896868188597
8490,8721,3546,8727,3183,0.4066047471620227,0.36473014781711927
8500,8732,3552,8738,3189,0.4067796610169492,0.36495765621423665
8510,8742,3555,8748,3189,0.40665751544269046,0.36454046639231824
8520,8753,3559,8758,3192,0.40660345024563005,0.3644667732358986
8530,8763,3564,8769,3196,0.406710030811366,0.36446573155433915
8540,8773,3569,8780,3200,0.40681636840305485,0.36446469248291574
8550,8783,3575,8790,3203,0.4070363201639531,0.364391353811149
8560,8793,3577,8800,3203,0.406800864323894,0.3639772727272727
8570,8803,3582,8810,3205,0.4069067363398841,0.3637911464245176
8580,8813,3586,8820,3207,0.4068988993532282,0.36360544217687074
8590,8823,3591,8830,3214,0.40700442026521594,0.36398640996602494
8600,8834,3598,8840,3216,0.40729001584786056,0.36380090497737555
8610,8844,3604,8850,3221,0.4075079149706015,0.363954802259887
8620,8854,3608,8860,3226,0.4074994352834877,0.3641083521444695
8630,8864,3611,8870,3230,0.40737815884476536,0.3641488162344983
8640,8874,3617,8880,3234,0.4075952219968447,0.3641891891891892
8650,8884,3620,8891,3236,0.4074741107609185,0.3639635586548195
8660,8895,3623,8901,3239,0.40730747611017426,0.3638916975620717
8670,8905,3628,8911,3242,0.40741156653565413,0.363819997755583
8680,8916,3632,8921,3243,0.4073575594436967,0.3635242685797556
8690,8926,3638,8931,3249,0.4075733811337665,0.36378904937856904
8700,8936,3643,8941,3255,0.4076768128916741,0.36405323789285315
8710,8946,3646,8951,3260,0.4075564498099709,0.3642051167467322
8720,8956,3651,8961,3264,0.4076596694953104,0.3642450619350519
8730,8966,3655,8971,3269,0.40765112647780505,0.3643963883625014
8740,8977,3661,8982,3273,0.4078199844045895,0.36439545758183034
8750,8988,3666,8992,3277,0.40787716955941256,0.3644350533807829
8760,8998,3674,9003,3281,0.4083129584352078,0.3644340775297123
8770,9008,3679,9013,3284,0.40841474245115456,0.3643625873737934
8780,9018,3684,9023,3286,0.4085163007318696,0.36418042779563337
8790,9028,3688,9034,3289,0.408506867523261,0.3640690723931813
8800,9038,3695,9044,3290,0.4088293870325293,0.3637770897832817
8810,9049,3700,9055,3296,0.40888495966405125,0.3639977912755384
8820,9059,3703,9065,3301,0.4087647643227729,0.3641478212906784
8830,9070,3707,9075,3306,0.40871003307607495,0.364297520661157
8840,9080,3711,9085,3309,0.40870044052863436,0.3642267473858008
8850,9091,3715,9095,3311,0.4086459135408646,0.3640461792193513
8860,9101,3719,9105,3316,0.4086364135809252,0.3641954969796815
8870,9112,3724,9115,3318,0.4086918349429324,0.36401535929786066
8880,9124,3730,9125,3321,0.40881192459447613,0.363945205479452
8890,9134,3735,9136,3328,0.40891175826582,0.36427320490367776
8900,9145,3738,9146,3330,0.40874794969928924,0.36409359282746556
8910,9155,3741,9156,3332,0.40862916439104313,0.363914373088685
8920,9166,3744,9166,3336,0.40846607025965526,0.3639537420903338
8930,9177,3749,9176,3338,0.40852130325814534,0.3637750653879686
8940,9187,3753,9186,3341,0.4085120278654621,0.36370563901589376
8950,9197,3755,9197,3345,0.40828531042731325,0.36370555615961725
8960,9207,3761,9207,3347,0.4084935375257956,0.3635277506245248
8970,9217,3763,9217,3352,0.4082673321037214,0.36367581642616903
8980,9227,3767,9227,3355,0.40825837216863553,0.36360680611249596
8990,9237,3772,9237,3357,0.4083576918913067,0.3634296849626502
9000,9247,3776,9247,3359,0.4083486536173894,0.36325294690169785
9010,9257,3780,9258,3365,0.4083396348709085,0.3634694318427306
9020,9268,3783,9268,3368,0.4081786793267156,0.3634009495036685
9030,9278,3787,9278,3373,0.40816986419486956,0.3635481784867428
9040,9288,3790,9288,3375,0.40805340223944875,0.3633720930232558
9050,9299,3791,9298,3378,0.4076782449725777,0.36330393633039365
9060,9309,3795,9308,3383,0.4076699967773123,0.36345079501504085
9070,9319,3800,9319,3392,0.4077690739349716,0.36398755231247987
9080,9329,3806,9331,3394,0.4079751313109658,0.36373379059050476
9090,9339,3812,9341,3400,0.40818074740336224,0.3639867251900225
9100,9349,3815,9351,3404,0.40806503369344316,0.36402523794246605
9110,9359,3818,9362,3410,0.40794956726145953,0.36423841059602646
9120,9370,3824,9373,3413,0.40811099252934896,0.36413101461645153
9130,9380,3828,9383,3420,0.4081023454157783,0.36448896941276776
9140,9390,3833,9394,3425,0.4082002129925453,0.3645944219714711
9150,9400,3836,9404,3427,0.40808510638297874,0.3644193960017014
9160,9410,3838,9414,3430,0.40786397449521783,0.3643509666454217
9170,9420,3844,9424,3436,0.408067940552017,0.3646010186757216
9180,9430,3850,9434,3439,0.40827147401908803,0.3645325418698325
9190,9440,3853,9444,3444,0.40815677966101693,0.3646759847522236
9200,9450,3854,9454,3447,0.4078306878306878,0.3646075735138566
9210,9460,3859,9464,3451,0.4079281183932347,0.3646449704142012
9220,9470,3863,9474,3454,0.4079197465681098,0.3645767363310112
9230,9481,3868,9484,3459,0.4079738424216855,0.3647195276254745
9240,9491,3872,9495,3463,0.40796544094405224,0.3647182727751448
9250,9502,3876,9505,3467,0.4079141233424542,0.3647553918990005
9260,9513,3883,9515,3470,0.40817828235046777,0.3646873357856017
9270,9524,3887,9525,3474,0.40812683746325074,0.3647244094488189
9280,9534,3892,9535,3480,0.40822320117474303,0.3649711588883062
9290,9544,3897,9546,3483,0.40831936295054483,0.36486486486486486
9300,9554,3903,9556,3486,0.40851999162654384,0.364796986186689
9310,9564,3905,9566,3491,0.40830196570472604,0.3649383232280995
9320,9575,3910,9576,3496,0.408355091383812,0.36507936507936506
9330,9585,3913,9586,3499,0.4082420448617632,0.36501147506780723
9340,9595,3917,9596,3502,0.4082334549244398,0.36494372655273033
9350,9606,3923,9606,3506,0.40839058921507393,0.3649802206953987
9360,9616,3928,9616,3508,0.4084858569051581,0.36480865224625625
9370,9626,3931,9627,3514,0.40837315603573654,0.36501506180533916
9380,9636,3935,9637,3516,0.40836446658364467,0.3648438310677597
9390,9646,3938,9648,3519,0.4082521252332573,0.36473880597014924
9400,9656,3942,9658,3523,0.40824357912178955,0.36477531580037276
9410,9666,3948,9669,3529,0.4084419615145872,0.3649808666873513
9420,9676,3952,9680,3532,0.40843323687474165,0.3648760330578512
9430,9686,3957,9690,3537,0.40852777204212265,0.365015479876161
9440,9696,3961,9700,3541,0.4085189768976898,0.3650515463917526
9450,9706,3965,9710,3543,0.4085101998763651,0.36488156539649846
9460,9719,3971,9720,3551,0.40858112974585864,0.36532921810699587
9470,9729,3976,9730,3555,0.4086750950765752,0.3653648509763618
9480,9739,3981,9740,3556,0.4087688674401889,0.3650924024640657
9490,9749,3986,9751,3561,0.4088624474305057,0.36519331350630707
9500,9759,3989,9761,3566,0.40875089660825903,0.3653314209609671
9510,9769,3995,9771,3567,0.4089466680315283,0.36505987104697574
9520,9779,4003,9782,3573,0.40934655895285815,0.36526272745859745
9530,9789,4007,9792,3577,0.4093370109306364,0.36529820261437906
9540,9799,4014,9802,3581,0.40963363608531483,0.36533360538665577
9550,9809,4017,9812,3586,0.4095218676725456,0.3654708520179372
9560,9819,4022,9822,3590,0.4096140136470109,0.36550600692323354
9570,9829,4026,9832,3593,0.40960423237358834,0.3654393816110659
9580,9839,4029,9842,3597,0.40949283463766645,0.3654744970534444
9590,9849,4035,9852,3600,0.4096862625647274,0.3654080389768575
9600,9859,4037,9862,3603,0.40947357744193125,0.3653417156763334
9610,9869,4044,9872,3608,0.4097679602796636,0.36547811993517015
9620,9879,4045,9882,3610,0.40945439821844315,0.36531066585711397
9630,9890,4046,9893,3613,0.4091001011122346,0.36520772263216417
9640,9900,4051,9903,3618,0.4091919191919192,0.3653438352014541
9650,9910,4059,9914,3620,0.4095862764883956,0.3651402057696187
9660,9922,4064,9925,3623,0.4095948397500504,0.36503778337531484
9670,9932,4068,9935,3628,0.4095851792186871,0.36517362858580776
9680,9942,4072,9945,3630,0.40957553812110237,0.3650075414781297
9690,9952,4078,9955,3634,0.40976688102893893,0.36504269211451534
9700,9962,4084,9965,3639,0.4099578397912066,0.36517812343201206
9710,9973,4087,9975,3642,0.4098064774892209,0.3651127819548872
9720,9984,4089,9985,3648,0.40955528846153844,0.36534802203304956
9730,9994,4091,9995,3650,0.40934560736441866,0.36518259129564784
9740,10004,4097,10006,3656,0.4095361855257897,0.36538077153707776
9750,10014,4100,10016,3660,0.40942680247653285,0.3654153354632588
9760,10024,4104,10026,3663,0.40941739824421386,0.3653500897666068
9770,10034,4110,10037,3669,0.4096073350607933,0.3655474743449238
9780,10044,4115,10047,3673,0.4096973317403425,0.3655817657012043
9790,10054,4118,10057,3676,0.40958822359259994,0.36551655563289254
9800,10064,4124,10067,3679,0.40977742448330684,0.365451475116718
9810,10074,4128,10078,3685,0.4097677188802859,0.3656479460210359
9820,10084,4135,10089,3688,0.41005553351844504,0.3655466349489543
9830,10096,4141,10101,3692,0.410162440570523,0.3655083655083655
9840,10106,4149,10111,3697,0.4105481891945379,0.3656413806745129
9850,10117,4155,10122,3703,0.41069487002075716,0.36583679114799444
9860,10127,4160,10132,3706,0.41078305519897307,0.36577181208053694
9870,10138,4164,10142,3710,0.4107318997829947,0.3658055610333268
9880,10148,4168,10152,3713,0.41072132439889636,0.36574074074074076
9890,10158,4170,10162,3718,0.41051388068517425,0.36587285967329264
9900,10168,4174,10172,3721,0.4105035405192762,0.3658081006685018
9910,10178,4178,10182,3726,0.41049322067203775,0.36593989393046555
9920,10189,4184,10193,3733,0.41063892433015997,0.3662317276562347
9930,10200,4187,10203,3736,0.41049019607843135,0.3661668136822503
9940,10210,4190,10213,3739,0.4103819784524976,0.36610202682855186
9950,10220,4193,10223,3742,0.41027397260273973,0.36603736672209725
9960,10230,4198,10234,3745,0.41036168132942324,0.36593707250341995
9970,10240,4201,10245,3749,0.41025390625,0.3659346022449976
9980,10250,4203,10255,3752,0.41004878048780485,0.3658703071672355
9990,10262,4209,10266,3753,0.41015396608848176,0.36557568673290475
10000,10272,4213,10276,3757,0.4101440809968847,0.3656091864538731
10010,10282,4217,10286,3762,0.41013421513324255,0.36573984055998443
10020,10292,4223,10296,3769,0.4103186941313642,0.36606449106449107
10030,10302,4227,10307,3771,0.4103086779266162,0.365867856796352
10040,10312,4231,10317,3773,0.41029868114817686,0.3657070853930406
10050,10322,4237,10327,3777,0.4104824646386359,0.3657402924373003
10060,10332,4240,10337,3780,0.41037553232675184,0.3656766953661604
10070,10342,4241,10347,3783,0.4100754206149681,0.36561322122354306
10080,10352,4245,10357,3788,0.41006568778979907,0.36574297576518294
10090,10363,4249,10367,3790,0.4100164045160668,0.3655831002218578
10100,10373,4251,10377,3794,0.4098139400366336,0.36561626674376024
10110,10383,4255,10387,3798,0.40980448810555714,0.3656493694040628
10120,10393,4261,10397,3801,0.4099874915808717,0.3655862267961912
10130,10404,4267,10407,3808,0.41013071895424835,0.36590756221773807
10140,10414,4273,10417,3812,0.4103130401382754,0.36594028991072286
10150,10424,4277,10427,3814,0.4103031465848043,0.3657811451040568
10160,10434,4282,10438,3818,0.41038911251677207,0.3657788848438398
10170,10444,4283,10448,3820,0.4100919188050555,0.36562021439509956
10180,10454,4288,10459,3821,0.4101779223263822,0.36533129362271727
10190,10465,4292,10469,3825,0.41012900143334924,0.3653644092081383
10200,10475,4297,10479,3830,0.4102147971360382,0.3654928905429907
10210,10485,4302,10489,3834,0.41030042918454934,0.36552578892172755
10220,10495,4309,10499,3838,0.4105764649833254,0.3655586246309172
10230,10505,4314,10509,3843,0.4106615897191813,0.3656865543819583
10240,10516,4317,10519,3850,0.4105173069608216,0.3660043730392623
10250,10526,4320,10529,3855,0.4104123123693711,0.3661316364327097
10260,10536,4325,10539,3856,0.4104973424449506,0.3658791156656229
10270,10546,4331,10549,3862,0.41067703394652,0.3661010522324391
10280,10557,4334,10560,3864,0.41053329544378137,0.3659090909090909
10290,10569,4337,10570,3867,0.41035102658718897,0.36584673604541157
10300,10579,4341,10580,3870,0.4103412420833727,0.3657844990548204
10310,10590,4345,10590,3872,0.41029272898961283,0.36562795089707273
10320,10600,4347,10600,3877,0.4100943396226415,0.3657547169811321
10330,10610,4349,10610,3882,0.40989632422243166,0.3658812441093308
10340,10620,4353,10620,3885,0.40988700564971753,0.365819209039548
10350,10630,4359,10630,3888,0.410065851364064,0.3657572906867357
10360,10641,4362,10640,3891,0.409923879334649,0.3656954887218045
10370,10651,4367,10650,3898,0.4100084499108065,0.3660093896713615
10380,10661,4369,10660,3900,0.40981146233936777,0.36585365853658536
10390,10671,4371,10670,3902,0.4096148439696373,0.36569821930646673
10400,10682,4379,10680,3906,0.40994195843475006,0.3657303370786517
10410,10692,4383,10690,3910,0.4099326599326599,0.36576239476145933
10420,10702,4387,10700,3914,0.40992337880769947,0.3657943925233645
10430,10712,4392,10711,3917,0.4100074682598954,0.36569881430305295
10440,10722,4396,10721,3919,0.40999813467636637,0.36554425893106984
10450,10732,4401,10732,3924,0.41008199776369736,0.3656354826686545
10460,10743,4406,10743,3925,0.4101275248999348,0.365354184119892
10470,10753,4410,10753,3929,0.4101181065749093,0.36538640379428994
10480,10764,4415,10763,3934,0.41016350798959494,0.3655114744959584
10490,10774,4418,10773,3936,0.4100612585854836,0.36535783904204955
10500,10784,4421,10783,3942,0.40995919881305637,0.3655754428266716
10510,10794,4425,10794,3945,0.40994997220678153,0.36548082267926624
10520,10804,4429,10804,3949,0.40994076268048874,0.3655127730470196
10530,10814,4432,10814,3953,0.40983909746624747,0.36554466432402444
10540,10824,4434,10824,3957,0.40964523281596454,0.36557649667405767
10550,10834,4437,10834,3961,0.4095440280598117,0.3656082702602917
10560,10844,4440,10844,3967,0.40944300995942456,0.36582441903356694
10570,10854,4443,10854,3973,0.40934217799889444,0.3660401695227566
10580,10864,4447,10864,3975,0.40933357879234167,0.36588733431516934
10590,10874,4449,10874,3979,0.40914107044325915,0.36591870516829134
10600,10885,4458,10884,3985,0.4095544327055581,0.3661337743476663
10610,10895,4462,10894,3990,0.40954566314823315,0.36625665503947125
10620,10905,4468,10905,3993,0.40972031178358553,0.36616231086657497
10630,10916,4472,10916,3996,0.40967387321363136,0.3660681568340051
10640,10926,4476,10926,3999,0.4096650192202087,0.3660076880834706
10650,10936,4479,10937,4005,0.40956474030724216,0.3661881686019932
10660,10946,4484,10947,4008,0.4096473597661246,0.3661277062208824
10670,10956,4487,10957,4013,0.40954728002920776,0.3662498859176782
10680,10966,4492,10968,4019,0.40962976472733903,0.36642961342086067
10690,10976,4493,10979,4026,0.40934766763848396,0.3667000637580836
10700,10987,4497,10989,4030,0.4093019022481114,0.36673036673036674
10710,10998,4503,11000,4035,0.4094380796508456,0.3668181818181818
10720,11008,4506,11010,4040,0.4093386627906977,0.36693914623069934
10730,11018,4510,11020,4045,0.40933018696678164,0.36705989110707804
10740,11028,4514,11032,4052,0.4093217265143272,0.3672951414068165
10750,11038,4519,11043,4055,0.4094038775140424,0.3672009417730689
10760,11048,4523,11055,4061,0.4093953656770456,0.3673450927182271
10770,11058,4527,11065,4067,0.40938686923494305,0.3675553547220967
10780,11068,4534,11075,4071,0.4096494398265269,0.36758465011286684
10790,11078,4540,11086,4079,0.4098212673767828,0.36794154789825007
10800,11088,4545,11096,4083,0.4099025974025974,0.36797043979812544
10810,11099,4548,11108,4090,0.4097666456437517,0.36820309686712277
10820,11110,4552,11119,4094,0.4097209720972097,0.3681985790089037
10830,11120,4555,11129,4097,0.4096223021582734,0.3681372989486926
10840,11130,4559,11139,4099,0.4096136567834681,0.3679863542508304
10850,11140,4566,11150,4103,0.4098743267504488,0.36798206278026907
10860,11150,4571,11160,4106,0.40995515695067264,0.367921146953405
10870,11160,4575,11170,4110,0.4099462365591398,0.36794986571172783
10880,11171,4582,11181,4114,0.4101691880762689,0.36794562203738485
10890,11181,4587,11192,4120,0.4102495304534478,0.36812008577555394
10900,11191,4592,11203,4130,0.4103297292467161,0.3686512541283585
10910,11201,4598,11213,4133,0.4104990625836979,0.36859002943012575
10920,11211,4604,11223,4135,0.4106680938364107,0.36843981110220086
10930,11221,4608,11234,4139,0.4106585865787363,0.3684351077087413
10940,11231,4613,11244,4144,0.41073813551776334,0.3685521166844539
10950,11241,4617,11254,4148,0.41072858286629305,0.3685800604229607
10960,11251,4620,11264,4152,0.41063016620744824,0.36860795454545453
10970,11263,4627,11274,4154,0.4108141702921069,0.36845839985808054
10980,11274,4631,11284,4160,0.4107681390810715,0.3686635944700461
10990,11284,4633,11294,4162,0.4105813541297412,0.36851425535682664
11000,11294,4638,11305,4164,0.4106605277138303,0.36833259619637326
11010,11304,4641,11315,4168,0.41056263269639065,0.36836058329650906
11020,11314,4644,11325,4171,0.41046491073006897,0.36830022075055185
11030,11325,4649,11335,4176,0.4105077262693157,0.36841640935156594
11040,11335,4654,11345,4176,0.4105866784296427,0.3680916703393565
11050,11346,4663,11356,4180,0.4109818438216111,0.36808735470236
11060,11356,4668,11367,4186,0.41106023247622403,0.36825899533738016
11070,11367,4674,11377,4187,0.4111902876748482,0.36802320471125954
11080,11377,4679,11387,4191,0.4112683484222554,0.36805128655484326
11090,11387,4680,11398,4197,0.4109949942917362,0.36822249517459205
11100,11398,4681,11409,4201,0.41068608527811895,0.36821807345078444
11110,11408,4684,11419,4205,0.4105890603085554,0.36824590594622997
11120,11418,4687,11429,4208,0.41049220528989316,0.36818619301776184
11130,11429,4696,11440,4214,0.41088459182780646,0.36835664335664337
11140,11439,4701,11451,4219,0.4109624967217414,0.36843943760370274
11150,11450,4708,11461,4221,0.41117903930131006,0.3682924701160457
11160,11460,4711,11471,4226,0.4110820244328098,0.36840728794350974
11170,11470,4717,11481,4229,0.4112467306015693,0.368347704903754
11180,11482,4726,11492,4232,0.4116007664170005,0.3682561782109293
11190,11493,4734,11502,4236,0.4119028974158183,0.368283776734481
11200,11503,4740,11512,4239,0.4120664174563157,0.3682244614315497
11210,11513,4746,11522,4242,0.4122296534352471,0.36816524908869985
11220,11523,4748,11534,4246,0.4120454742688536,0.36812900988382175
11230,11533,4752,11545,4252,0.41203502991415936,0.3682979644867908
11240,11543,4758,11555,4254,0.41219786883825693,0.36815231501514495
11250,11553,4761,11565,4259,0.41210075305115557,0.3682663207955037
11260,11563,4768,11575,4266,0.4123497362276226,0.36855291576673865
11270,11573,4774,11586,4272,0.4125118811025663,0.368720870015536
11280,11584,4778,11597,4274,0.4124654696132597,0.3685435888591877
11290,11596,4781,11608,4278,0.4122973439116937,0.36853893866299103
11300,11606,4787,11618,4284,0.41245907289333106,0.36873816491650885
11310,11616,4791,11629,4290,0.412448347107438,0.36890532289964745
11320,11626,4795,11639,4295,0.41243763977292275,0.36901795686914685
11330,11637,4798,11651,4299,0.4123055770387557,0.36898120333018625
11340,11647,4803,11661,4301,0.41238087061045764,0.368836291913215
11350,11657,4806,11671,4305,0.41228446427039545,0.36886299374518033
11360,11667,4809,11681,4309,0.412188223193623,0.36888964985874495
11370,11677,4814,11691,4313,0.4122634238246125,0.3689162603712257
11380,11687,4817,11701,4318,0.41216736544878924,0.3690282881804974
11390,11697,4820,11711,4320,0.4120714713174318,0.36888395525574247
11400,11709,4827,11721,4327,0.41224698949526006,0.3691664533742855
11410,11719,4832,11731,4332,0.4123218704667634,0.369277981416759
11420,11730,4837,11741,4335,0.4123614663256607,0.3692189762371178
11430,11740,4839,11752,4340,0.41218057921635437,0.36929884275017016
11440,11750,4844,11764,4343,0.41225531914893615,0.3691771506290377
11450,11760,4846,11775,4348,0.4120748299319728,0.3692569002123142
11460,11770,4850,11786,4351,0.41206457094307564,0.36916680807737995
11470,11780,4855,11797,4357,0.4121392190152801,0.36933118589471897
11480,11790,4858,11808,4360,0.4120441051738762,0.3692411924119241
11490,11800,4862,11818,4365,0.41203389830508474,0.3693518361820951
11500,11810,4865,11828,4372,0.4119390347163421,0.3696313831586067
11510,11820,4870,11838,4376,0.4120135363790186,0.36965703666159827
11520,11830,4873,11848,4381,0.41191885038038883,0.36976704929101956
11530,11840,4877,11858,4384,0.41190878378378376,0.369708213864058
11540,11850,4882,11868,4389,0.4119831223628692,0.36981799797775533
11550,11860,4887,11878,4391,0.41205733558178753,0.3696750294662401
11560,11870,4889,11888,4395,0.4118786857624263,0.3697005383580081
11570,11880,4892,11898,4401,0.4117845117845118,0.3698940998487141
11580,11890,4896,11908,4405,0.4117746005046257,0.3699193819281156
11590,11900,4900,11918,4406,0.4117647058823529,0.36969290149353917
11600,11910,4902,11928,4412,0.41158690176322416,0.3698859825620389
11610,11920,4906,11938,4417,0.4115771812080537,0.36999497403250126
11620,11930,4910,11948,4420,0.4115674769488684,0.3699363910277871
11630,11940,4915,11958,4421,0.41164154103852596,0.36971065395551095
11640,11950,4922,11968,4426,0.4118828451882845,0.36981951871657753
11650,11960,4925,11979,4434,0.41178929765886285,0.37014775857751064
11660,11970,4929,11990,4437,0.4117794486215539,0.3700583819849875
11670,11981,4935,12000,4439,0.41190217844921123,0.36991666666666667
11680,11992,4942,12011,4444,0.412108072048032,0.36999417200899176
11690,12002,4945,12023,4450,0.41201466422262956,0.370123929135823
11700,12012,4951,12033,4455,0.4121711621711622,0.37023186237845923
11710,12022,4957,12043,4459,0.41232739976709365,0.3702565805862327
11720,12032,4961,12053,4466,0.4123171542553192,0.37053015846677173
11730,12042,4966,12063,4470,0.4123899684437801,0.3705545884108431
11740,12052,4970,12073,4474,0.4123796880185861,0.37057897788453575
11750,12062,4977,12083,4477,0.41261813961200466,0.37052056608458167
11760,12072,4982,12094,4479,0.4126905235255136,0.3703489333553828
11770,12082,4982,12105,4484,0.4123489488495282,0.370425444031392
11780,12092,4985,12115,4489,0.41225603704928876,0.37053239785390013
11790,12102,4989,12126,4491,0.41224590976698067,0.3703612073231074
11800,12113,4996,12138,4495,0.4124494344918682,0.37032460042840665
11810,12123,5000,12148,4500,0.41243916522312957,0.3704313467237405
11820,12133,5004,12158,4503,0.41242891288222205,0.37037341668037504
11830,12143,5010,12169,4509,0.41258338137198386,0.37053167885610977
11840,12153,5014,12179,4513,0.4125730272360734,0.3705558748665736
11850,12164,5020,12189,4514,0.412693193028609,0.37033390762162605
11860,12174,5023,12199,4515,0.41260062428125516,0.3701123042872367
11870,12184,5027,12210,4521,0.4125902823374918,0.37027027027027026
11880,12194,5032,12220,4521,0.4126619649007709,0.3699672667757774
11890,12204,5035,12230,4527,0.41256964929531303,0.3701553556827473
11900,12214,5036,12240,4531,0.4123137383330604,0.3701797385620915
11910,12224,5039,12250,4535,0.41222185863874344,0.37020408163265306
11920,12234,5043,12260,4537,0.4122118685630211,0.3700652528548124
11930,12244,5046,12270,4539,0.4121202221496243,0.36992665036674816
11940,12254,5048,12280,4544,0.41194711930798106,0.3700325732899023
11950,12264,5050,12290,4548,0.4117742987606001,0.37005695687550855
11960,12274,5053,12301,4550,0.4116832328499267,0.36988862694089913
11970,12284,5057,12311,4553,0.41167372191468576,0.3698318576882463
11980,12294,5061,12321,4556,0.4116642264519278,0.3697751805859914
11990,12305,5066,12331,4558,0.4117025599349858,0.3696374989862947
12000,12316,5068,12341,4560,0.4114972393634297,0.36950004051535534
12010,12326,5072,12352,4563,0.41148791173129967,0.3694138601036269
12020,12337,5076,12362,4567,0.4114452460079436,0.369438602167934
12030,12347,5083,12372,4574,0.4116789503523123,0.36970578726155834
12040,12357,5088,12382,4578,0.41175042486040303,0.3697302535939267
12050,12367,5092,12392,4582,0.4117409234252446,0.3697546804389929
12060,12377,5097,12402,4587,0.41181223236648623,0.3698597000483793
12070,12387,5105,12413,4590,0.41212561556470495,0.369773624426005
12080,12397,5112,12423,4594,0.41235782850689684,0.36979795540529664
12090,12407,5116,12433,4598,0.4123478681389538,0.36982224724523444
12100,12417,5120,12443,4603,0.4123379238141258,0.3699268665112915
12110,12427,5123,12453,4605,0.41224752554920735,0.369790411948928
12120,12437,5129,12463,4611,0.4123984883814425,0.36997512637406726
12130,12447,5132,12473,4615,0.4123081867116574,0.36999919826825944
12140,12457,5136,12483,4619,0.41229830617323593,0.37002323159496914
12150,12467,5140,12494,4620,0.4122884414855218,0.3697774931967344
12160,12477,5144,12504,4627,0.4122785926104031,0.37004158669225845
12170,12487,5149,12514,4631,0.41234884279650835,0.3700655266101966
12180,12498,5153,12524,4636,0.4123059689550328,0.37016927499201535
12190,12508,5157,12535,4641,0.41229613047649505,0.3702433187076187
12200,12518,5161,12546,4644,0.4122863077168877,0.3701578192252511
12210,12529,5164,12556,4652,0.41216378003032966,0.37050015928639696
12220,12539,5168,12566,4652,0.4121540792726693,0.37020531593187966
12230,12549,5173,12576,4654,0.4122240816001275,0.37006997455470736
12240,12559,5178,12587,4658,0.41229397245003585,0.37006435210931915
12250,12569,5180,12598,4663,0.4121250696157212,0.37013811716145417
12260,12579,5185,12608,4667,0.4121949280546943,0.37016180203045684
12270,12589,5191,12618,4672,0.4123441099372468,0.37026470122047866
12280,12599,5193,12629,4675,0.412175569489642,0.3701797450312772
12290,12610,5197,12639,4679,0.4121332275971451,0.37020333887174617
12300,12620,5203,12649,4684,0.41228209191759113,0.370305953039766
12310,12631,5210,12659,4687,0.41247723854009977,0.37025041472470177
12320,12641,5214,12669,4689,0.41246736808796775,0.37011603125739995
12330,12651,5216,12680,4693,0.41229942297051614,0.37011041009463724
12340,12661,5219,12690,4700,0.41221072585103863,0.37037037037037035
12350,12671,5223,12701,4701,0.412201089101097,0.3701283363514684
12360,12681,5226,12711,4707,0.41211260941566125,0.37030918102430965
12370,12691,5229,12722,4709,0.4120242691671263,0.3701462034271341
12380,12701,5230,12732,4713,0.41177860011022754,0.37016965127238455
12390,12713,5235,12742,4715,0.4117832140328797,0.3700361010830325
12400,12723,5239,12752,4718,0.4117739526841154,0.36998117942283565
12410,12733,5241,12763,4724,0.41160763370768866,0.37013241400924546
12420,12743,5244,12773,4729,0.4115200502236522,0.37023408752838016
12430,12753,5252,12783,4732,0.41182466870540263,0.37017914417585857
12440,12763,5254,12793,4737,0.41165870093238266,0.37028062221527397
12450,12773,5260,12804,4738,0.41180615360526107,0.37004061230865354
12460,12784,5266,12814,4743,0.41192115143929914,0.3701420321523334
12470,12794,5271,12824,4745,0.4119899953103017,0.3700093574547723
12480,12805,5277,12835,4748,0.41210464662241314,0.3699259836384885
12490,12815,5281,12845,4751,0.4120952009364027,0.36987154534838457
12500,12825,5282,12856,4754,0.41185185185185186,0.3697884256378345
12510,12835,5288,12867,4758,0.4119984417608103,0.3697831662392166
12520,12845,5293,12877,4762,0.41206695212144806,0.3698066319794983
12530,12855,5295,12887,4765,0.411901983663944,0.36975246372313186
12540,12865,5297,12897,4770,0.41173727166731444,0.36985345429169575
12550,12875,5302,12907,4775,0.41180582524271847,0.3699542883706516
12560,12885,5305,12917,4778,0.41171905316259216,0.36990013160950685
12570,12895,5308,12927,4780,0.41163241566498643,0.3697687011680978
12580,12905,5313,12937,4786,0.41170089112747,0.3699466646053954
12590,12917,5319,12948,4788,0.4117829217310521,0.3697868396663577
12600,12927,5323,12959,4794,0.4117738067610428,0.36993595184813644
12610,12937,5330,12970,4800,0.41199659890237306,0.3700848111025443
12620,12947,5337,12981,4804,0.4122190468834479,0.3700793467375395
12630,12957,5343,12991,4809,0.412363973141931,0.370179354938034
12640,12968,5346,13001,4814,0.41224552745219,0.37027920929159297
12650,12978,5348,13012,4819,0.4120819848975189,0.3703504457423916
12660,12989,5353,13022,4823,0.412117945954269,0.3703732145599754
12670,12999,5361,13032,4825,0.4124163397184399,0.37024248004910987
12680,13009,5365,13042,4829,0.4124067952955646,0.3702652967336298
12690,13019,5370,13052,4833,0.4124740763499501,0.3702880784554091
12700,13029,5375,13063,4835,0.41254125412541254,0.3701293730383526
12710,13040,5378,13073,4842,0.4124233128834356,0.370381702746118
12720,13050,5380,13083,4843,0.41226053639846744,0.3701750363066575
12730,13060,5384,13093,4845,0.4122511485451761,0.37004506224700223
12740,13072,5388,13104,4852,0.4121787025703794,0.3702686202686203
12750,13082,5394,13114,4856,0.41232227488151657,0.3702912917492756
12760,13092,5400,13124,4859,0.41246562786434465,0.3702377323986589
12770,13102,5404,13134,4864,0.41245611357044726,0.37033653114055126
12780,13112,5407,13144,4867,0.41237034777303233,0.37028301886792453
12790,13122,5409,13154,4871,0.4122085048010974,0.3703056104606964
12800,13132,5415,13164,4875,0.412351507767286,0.3703281677301732
12810,13142,5415,13174,4877,0.4120377415918429,0.3701988765750721
12820,13152,5420,13184,4879,0.4121046228710462,0.37006978155339804
12830,13162,5425,13194,4884,0.412171402522413,0.37016825829922695
12840,13173,5431,13204,4887,0.41228269946101875,0.37011511663132385
12850,13183,5437,13215,4894,0.41242509292270346,0.3703367385546727
12860,13194,5442,13225,4896,0.41246020918599363,0.3702079395085066
12870,13204,5446,13235,4900,0.4124507724931839,0.3702304495655459
12880,13215,5449,13245,4903,0.41233446840711313,0.37017742544356363
12890,13225,5452,13255,4905,0.4122495274102079,0.3700490380988306
12900,13236,5457,13265,4908,0.41228467815049863,0.3699962306822465
12910,13246,5461,13275,4911,0.41227540389551565,0.36994350282485877
12920,13256,5464,13285,4914,0.412190706095353,0.3698908543470079
12930,13266,5468,13295,4919,0.4121815166591286,0.3699887175629936
12940,13276,5471,13305,4923,0.41209701717384756,0.37001127395715894
12950,13286,5473,13315,4927,0.41193737769080235,0.37003379647014645
12960,13297,5476,13327,4929,0.4118222155373393,0.3698506790725595
12970,13307,5479,13337,4931,0.4117381829112497,0.36972332608532654
12980,13317,5482,13348,4936,0.4116542764886987,0.3697932274498052
12990,13327,5487,13358,4937,0.411720567269453,0.36959125617607425
13000,13337,5490,13368,4942,0.411636799880033,0.3696888090963495
13010,13347,5493,13378,4946,0.41155315801303666,0.36971146658693377
13020,13359,5498,13388,4949,0.41155775132869227,0.3696593964744547
13030,13369,5501,13399,4955,0.41147430623083253,0.3698037166952758
13040,13379,5504,13409,4957,0.4113909858733837,0.3696770825564919
13050,13389,5506,13419,4964,0.41123310179998507,0.36992324316267977
13060,13399,5514,13429,4967,0.41152324800358236,0.3698711743242237
13070,13411,5520,13439,4973,0.4116024159272239,0.37004241387007963
13080,13421,5524,13450,4977,0.41159377095596456,0.3700371747211896
13090,13431,5529,13460,4980,0.4116595934777753,0.3699851411589896
13100,13441,5532,13470,4983,0.4115765196041961,0.36993318485523385
13110,13451,5533,13481,4987,0.41134488142145564,0.36992804688079517
13120,13461,5537,13491,4991,0.41133645345813835,0.3699503372618783
13130,13471,5540,13501,4996,0.411253804468859,0.3700466632101326
13140,13481,5544,13511,5000,0.4112454565685038,0.3700688328029013
13150,13491,5549,13523,5004,0.41131124453339263,0.37003623456333656
13160,13502,5556,13534,5010,0.4114945933935713,0.3701788089256687
13170,13512,5560,13545,5012,0.41148608644168144,0.37002583979328163
13180,13522,5565,13555,5017,0.41155154562934476,0.3701217263002582
13190,13532,5570,13565,5022,0.4116169080697606,0.3702174714338371
13200,13542,5573,13575,5026,0.4115344853049771,0.37023941068139965
13210,13552,5577,13585,5027,0.411525974025974,0.3700404858299595
13220,13563,5580,13595,5028,0.411413404114134,0.36984185362265537
13230,13573,5584,13605,5031,0.4114049952110808,0.3697905181918412
13240,13583,5589,13617,5034,0.4114702201281013,0.3696849526327385
13250,13593,5593,13627,5038,0.4114617817994556,0.36970719894327436
13260,13603,5597,13637,5040,0.41145335587737997,0.36958275280486913
13270,13613,5598,13647,5045,0.411224564754279,0.3696783175789551
13280,13624,5602,13657,5051,0.41118614210217264,0.36984696492641134
13290,13634,5606,13668,5057,0.41117793750916826,0.3699882938249927
13300,13644,5608,13678,5064,0.41102316036352976,0.3702295657259833
13310,13655,5611,13688,5068,0.4109117539362871,0.3702513150204559
13320,13665,5614,13698,5075,0.41083058909623127,0.3704920426339612
13330,13675,5617,13708,5076,0.41074954296160876,0.37029471841260575
13340,13685,5620,13718,5079,0.41066861527219584,0.3702434757253244
13350,13695,5626,13729,5084,0.410806863818912,0.37031102046762326
13360,13705,5630,13739,5087,0.4107989784750091,0.3702598442390276
13370,13715,5634,13749,5089,0.4107911046299672,0.3701360098916285
13380,13725,5636,13760,5094,0.4106375227686703,0.37020348837209305
13390,13736,5641,13770,5098,0.41067268491555037,0.3702251270878722
13400,13746,5646,13780,5102,0.4107376691401135,0.3702467343976778
13410,13756,5652,13790,5104,0.4108752544344286,0.37012327773749093
13420,13766,5658,13800,5108,0.41101263983728026,0.3701449275362319
13430,13776,5661,13811,5111,0.41093205574912894,0.37006733762942584
13440,13786,5664,13821,5114,0.4108515885681126,0.37001664134288403
13450,13796,5667,13831,5117,0.4107712380400116,0.3699660183645434
13460,13806,5669,13842,5122,0.4106185716355208,0.3700332321918798
13470,13816,5673,13852,5125,0.4106108859293573,0.36998267398209644
13480,13826,5677,13862,5131,0.41060321134095185,0.37014860770451596
13490,13837,5680,13873,5137,0.410493604104936,0.3702876090247243
13500,13847,5685,13883,5142,0.4105582436628873,0.3703810415616221
13510,13857,5689,13893,5148,0.4105506242332395,0.37054631828978624
13520,13867,5693,13903,5150,0.4105430157928896,0.37042364957203483
13530,13877,5697,13914,5154,0.41053541831808027,0.3704182837429927
13540,13889,5702,13925,5157,0.4105407156742746,0.3703411131059246
13550,13899,5708,13936,5163,0.4106770271242535,0.37047933409873707
13560,13909,5710,13946,5168,0.41052555899058163,0.37057220708446864
13570,13921,5715,13956,5171,0.41053085266863015,0.37052163943823446
13580,13931,5718,13966,5172,0.4104515110185916,0.3703279392811113
13590,13941,5723,13976,5176,0.4105157449250412,0.3703491700057241
13600,13951,5728,13987,5182,0.4105798867464698,0.3704868806749124
13610,13961,5730,13997,5185,0.4104290523601461,0.3704365221118811
13620,13971,5735,14007,5191,0.4104931644119963,0.37060041407867494
13630,13981,5737,14018,5192,0.4103426078249052,0.37038093879298045
13640,13991,5744,14028,5194,0.41054963905367736,0.37025948103792417
13650,14001,5746,14038,5200,0.4103992571959146,0.3704231371990312
13660,14011,5748,14049,5206,0.41024909000071375,0.37056018221937503
13670,14021,5751,14059,5207,0.41017045859781753,0.3703677359698414
13680,14034,5754,14069,5211,0.41000427533133815,0.3703887980666714
13690,14044,5757,14079,5216,0.40992594702364,0.370480858015484
13700,14055,5762,14089,5220,0.40996086801849874,0.3705018099226347
13710,14066,5767,14099,5226,0.40999573439499504,0.37066458614086106
13720,14076,5770,14110,5230,0.4099175902244956,0.3706591070163005
13730,14086,5775,14120,5234,0.4099815419565526,0.3706798866855524
13740,14096,5779,14130,5237,0.4099744608399546,0.37062986553432414
13750,14106,5781,14140,5240,0.40982560612505314,0.37057991513437055
13760,14116,5787,14150,5244,0.4099603287050156,0.3706007067137809
13770,14126,5789,14160,5246,0.4098116947472745,0.37048022598870056
13780,14137,5793,14170,5250,0.40977576572115726,0.3705010585744531
13790,14148,5796,14180,5255,0.40966921119592875,0.37059238363892805
13800,14159,5798,14190,5259,0.4094921957765379,0.37061310782241014
13810,14169,5802,14200,5263,0.40948549650645777,0.3706338028169014
13820,14179,5805,14210,5266,0.4094082798504831,0.37058409570724843
13830,14189,5809,14220,5270,0.409401649164846,0.37060478199718705
13840,14199,5814,14230,5272,0.4094654553137545,0.3704848910751933
13850,14210,5822,14240,5273,0.40971147079521464,0.3702949438202247
13860,14220,5825,14250,5274,0.409634317862166,0.3701052631578947
13870,14232,5832,14260,5277,0.40978077571669475,0.37005610098176717
13880,14243,5835,14271,5279,0.40967492803482414,0.36991100833858875
13890,14253,5839,14281,5284,0.4096681400406932,0.37000210069322875
13900,14263,5840,14291,5288,0.4094510271331417,0.37002309145616125
13910,14273,5845,14301,5293,0.40951446787641,0.37011397804349344
13920,14284,5850,14311,5296,0.4095491458975077,0.37006498497659146
13930,14295,5854,14322,5298,0.40951381601958725,0.36992040217846667
13940,14305,5857,14333,5303,0.4094372596994058,0.3699853484964767
13950,14317,5863,14343,5305,0.40951316616609623,0.3698668339956773
13960,14327,5866,14353,5311,0.4094367278564947,0.3700271720197868
13970,14337,5871,14364,5315,0.4094998953756016,0.37002227791701475
13980,14348,5878,14374,5317,0.40967382213548925,0.36990399332127455
13990,14358,5883,14384,5322,0.4097367321353949,0.3699944382647386
14000,14368,5887,14394,5326,0.40972995545657015,0.370015284146172
14010,14378,5891,14404,5330,0.40972318820420084,0.3700361010830325
14020,14389,5895,14415,5333,0.40968795607755926,0.3699618453000347
14030,14399,5897,14425,5337,0.4095423293284256,0.3699826689774697
14040,14409,5900,14436,5340,0.40946630578110904,0.36990856192851207
14050,14419,5904,14446,5343,0.4094597406200153,0.36986016890488715
14060,14429,5905,14456,5346,0.40924526994247695,0.36981184283342555
14070,14439,5910,14466,5351,0.4093081238312903,0.36990183879441446
14080,14449,5913,14476,5355,0.40923247283549036,0.36992263056092844
14090,14459,5918,14486,5358,0.40929524863406874,0.36987436145243685
14100,14470,5926,14497,5362,0.4095369730476849,0.3698696281989377
14110,14480,5933,14507,5369,0.40973756906077347,0.37009719445784794
14120,14491,5939,14517,5373,0.4098405907114761,0.37011779293242403
14130,14501,5944,14527,5377,0.4099027653265292,0.3701383630481173
14140,14511,5946,14539,5380,0.40975811453380195,0.3700392048971731
14150,14521,5951,14549,5383,0.4098202603126506,0.36999106467798476
14160,14531,5955,14560,5390,0.40981350216777923,0.3701923076923077
14170,14541,5960,14570,5391,0.40987552437934116,0.37000686341798217
14180,14551,5965,14580,5396,0.409937461342863,0.3700960219478738
14190,14561,5971,14590,5401,0.4100679898358629,0.37018505825908155
14200,14571,5975,14601,5406,0.4100610802278498,0.37024861310869117
14210,14581,5977,14611,5410,0.4099170152938756,0.37026897542947096
14220,14591,5978,14621,5417,0.4097046124323213,0.37049449422064157
14230,14601,5983,14631,5423,0.40976645435244163,0.37065135670835897
14240,14611,5986,14641,5423,0.4096913284511669,0.37039819684447783
14250,14622,5991,14651,5428,0.409725071809602,0.3704866562009419
14260,14632,5996,14661,5432,0.40978676872607983,0.3705067867130482
14270,14643,6002,14672,5435,0.4098886840128389,0.37043347873500543
14280,14654,6007,14682,5440,0.40992220554114916,0.370521727285111
14290,14664,6012,14692,5442,0.4099836333878887,0.37040566294582083
14300,14674,6015,14702,5445,0.40990868202262504,0.37035777445245543
14310,14685,6021,14712,5452,0.4100102145045965,0.37058183795541055
14320,14695,6024,14722,5457,0.40993535216059884,0.37066974595842955
14330,14706,6028,14732,5458,0.4099007207942336,0.37048601683410265
14340,14716,6030,14742,5463,0.40975808643653167,0.3705738705738706
14350,14726,6034,14752,5468,0.4097514600027163,0.3706616052060738
14360,14736,6039,14762,5469,0.4098127035830619,0.3704782549790001
14370,14747,6046,14772,5471,0.40998169119142874,0.37036284863254804
14380,14757,6051,14782,5476,0.41004269160398454,0.37045054796373966
14390,14767,6053,14792,5480,0.4099004537143631,0.37047052460789615
14400,14777,6058,14803,5482,0.4099614265412465,0.3703303384449098
14410,14787,6066,14813,5485,0.41022519780888617,0.37028285965030716
14420,14797,6070,14823,5489,0.4102182874907076,0.37030290764352697
14430,14808,6079,14833,5493,0.4105213398163155,0.3703229286051372
14440,14819,6085,14843,5501,0.410621499426412,0.3706124098901839
14450,14829,6090,14853,5505,0.4106817722031155,0.37063219551605736
14460,14839,6094,14863,5510,0.4106745737583395,0.3707192356859315
14470,14849,6095,14874,5516,0.41046535120210115,0.3708484604006992
14480,14860,6097,14884,5518,0.41029609690444147,0.3707336737436173
14490,14870,6100,14894,5521,0.410221923335575,0.37068618235531087
14500,14880,6103,14904,5525,0.4101478494623656,0.3707058507783145
14510,14890,6108,14914,5530,0.4102081934184016,0.3707925439184659
14520,14900,6112,14925,5534,0.4102013422818792,0.370787269681742
14530,14910,6116,14936,5538,0.4101945003353454,0.37078200321371185
14540,14921,6119,14946,5541,0.41009315729508744,0.3707346447209956
14550,14931,6124,14956,5543,0.41015337217868864,0.3706204867611661
14560,14941,6129,14966,5545,0.4102135064587377,0.3705064813577442
14570,14951,6132,14976,5547,0.4101397899806033,0.3703926282051282
14580,14961,6137,14986,5551,0.41019985295100597,0.3704123848925664
14590,14971,6141,14996,5554,0.4101930398770957,0.37036543078154177
14600,14982,6146,15006,5561,0.4102256040582032,0.3705850992936159
14610,14992,6147,15017,5567,0.41001867662753466,0.37071319171605516
14620,15002,6152,15027,5569,0.4100786561791761,0.37059958740932986
14630,15012,6157,15037,5573,0.41013855582200903,0.3706191394560085
14640,15022,6162,15047,5578,0.41019837571561707,0.3707051239449724
14650,15032,6164,15058,5580,0.41005854177754125,0.3705671403904901
14660,15042,6167,15069,5584,0.4099853742853344,0.3705620810936359
14670,15053,6173,15080,5588,0.4100843685644058,0.3705570291777188
14680,15063,6175,15091,5595,0.40994489809466905,0.3707507786097674
14690,15073,6179,15102,5597,0.40993830027200956,0.37061316381936166
14700,15084,6182,15112,5600,0.40983823919384776,0.370566437268396
14710,15094,6184,15123,5601,0.40969921823241023,0.3703630232096806
14720,15105,6190,15133,5605,0.40979808010592517,0.3703826075464217
14730,15116,6196,15144,5609,0.40989679809473406,0.37037770734284203
14740,15126,6198,15154,5613,0.40975803252677506,0.3703972548502046
14750,15136,6202,15164,5619,0.40975158562367864,0.37054866789765234
14760,15146,6205,15174,5625,0.4096791232008451,0.370699881376038
14770,15157,6210,15184,5628,0.40971168437025796,0.3706533192834563
14780,15167,6213,15194,5633,0.40963934858574536,0.3707384493879163
14790,15178,6218,15204,5639,0.40967189353010935,0.3708892396737701
14800,15188,6222,15214,5643,0.40966552541480117,0.37090837386617587
14810,15198,6227,15224,5648,0.40972496381102774,0.37099316868102994
14820,15208,6231,15234,5653,0.40971856917411886,0.37107785217277145
14830,15218,6240,15244,5657,0.41004074122749373,0.37109682498032015
14840,15229,6242,15254,5660,0.4098758946746339,0.37105021633669855
14850,15240,6246,15264,5666,0.4098425196850394,0.3712002096436059
14860,15252,6251,15274,5671,0.40984788880146866,0.3712845358124918
14870,15262,6255,15284,5675,0.4098414362468877,0.37130332373724156
14880,15272,6262,15295,5678,0.4100314300680985,0.3712324288983328
14890,15282,6265,15306,5682,0.4099594293940584,0.37122696981575853
14900,15293,6269,15316,5688,0.40992610998496043,0.3713763384695743
14910,15303,6272,15327,5693,0.40985427693916227,0.3714360279245775
14920,15313,6277,15337,5696,0.40991314569320186,0.37138945034882964
14930,15323,6278,15347,5697,0.4097108921229524,0.3712126148432918
14940,15333,6281,15357,5703,0.4096393399856519,0.3713615940613401
14950,15343,6285,15367,5707,0.40963305742032197,0.3713802303637665
14960,15353,6287,15377,5714,0.4094965153390217,0.3715939389998049
14970,15363,6288,15388,5718,0.40929505955867995,0.3715882505848713
14980,15374,6293,15399,5724,0.40932743593079224,0.3717124488603156
14990,15384,6298,15409,5727,0.4093863754550182,0.37166590953338957
15000,15395,6304,15419,5729,0.4094835985709646,0.3715545755237045
15010,15405,6308,15430,5736,0.40947744238883477,0.37174335709656514
15020,15415,6312,15440,5737,0.40947129419396694,0.3715673575129534
15030,15425,6317,15451,5742,0.40952998379254457,0.37162643194615236
15040,15435,6320,15462,5746,0.4094590217039197,0.37162074763937397
15050,15446,6325,15472,5754,0.40949113038974494,0.3718976215098242
15060,15456,6331,15483,5758,0.40961438923395443,0.3718917522443971
15070,15466,6336,15493,5762,0.4096728307254623,0.371909894791196
15080,15476,6341,15503,5765,0.4097311966916516,0.3718635102883313
15090,15486,6348,15513,5769,0.4099186361875242,0.37188164765035775
15100,15496,6350,15524,5773,0.40978316985028396,0.3718758052048441
15110,15507,6356,15534,5776,0.4098794092990262,0.371829535213081
15120,15517,6359,15544,5780,0.40980859702262035,0.37184765826042204
15130,15527,6360,15554,5787,0.40960906807496616,0.3720586344348721
15140,15537,6366,15564,5791,0.4097316084186136,0.37207658699563095
15150,15547,6373,15574,5793,0.40991831221457514,0.37196609734172337
15160,15557,6376,15585,5799,0.40984765700327824,0.37208854667949953
15170,15567,6379,15596,5803,0.40977709256761097,0.3720825852782765
15180,15577,6382,15606,5806,0.409706618732747,0.37203639625784957
15190,15587,6389,15616,5810,0.40989285943414383,0.37205430327868855
15200,15597,6393,15626,5816,0.40988651663781495,0.37220017918853193
15210,15607,6396,15636,5819,0.4098161081565964,0.37215400358147865
15220,15617,6398,15647,5824,0.4096817570596145,0.3722119256087429
15230,15627,6400,15659,5830,0.4095475779100275,0.3723098537582221
15240,15637,6403,15669,5832,0.4094775212636695,0.3721998851234922
15250,15647,6407,15679,5838,0.4094714641784368,0.372345175074941
15260,15658,6410,15691,5841,0.40937539915698046,0.37225160920272765
15270,15668,6415,15702,5845,0.4094332397242788,0.3722455738122532
15280,15678,6419,15712,5850,0.40942722286005867,0.372326883910387
15290,15688,6424,15722,5854,0.409484956654768,0.3723444854344231
15300,15699,6425,15732,5856,0.40926173641633223,0.37223493516399697
15310,15709,6428,15742,5859,0.4091921828251321,0.37218904840553935
15320,15719,6429,15752,5863,0.40899548317322987,0.3722067039106145
15330,15729,6432,15763,5865,0.40892618729734886,0.3720738438114572
15340,15739,6436,15773,5871,0.40892051591587775,0.372218347809548
15350,15749,6439,15784,5876,0.40885135564162806,0.37227572225038014
15360,15761,6443,15794,5879,0.40879385825772474,0.37222996074458653
15370,15771,6450,15804,5885,0.4089785048506753,0.37237408251075677
15380,15781,6453,15814,5886,0.4089094480704645,0.37220184646515747
15390,15792,6460,15824,5889,0.40906788247213777,0.3721562184024267
15400,15802,6462,15834,5892,0.4089355777749652,0.3721106479727169
15410,15812,6465,15844,5893,0.4088666835314951,0.37193890431709165
15420,15822,6469,15855,5899,0.40886107950954365,0.37205928729107535
15430,15834,6476,15865,5904,0.40899330554502966,0.3721399306649858
15440,15844,6477,15875,5910,0.40879828326180256,0.3722834645669291
15450,15854,6483,15886,5914,0.40891888482401917,0.37227747702379455
15460,15864,6486,15896,5916,0.4088502269288956,0.37216909914443885
15470,15874,6490,15906,5922,0.40884465163159883,0.37231233496793664
15480,15884,6497,15917,5927,0.4090279526567615,0.372369165043664
15490,15894,6499,15927,5930,0.40889643890776395,0.3723237270044578
15500,15904,6502,15937,5932,0.40882796780684105,0.37221559892075046
15510,15915,6509,15947,5937,0.4089852340559221,0.3722957296043143
15520,15925,6515,15957,5942,0.40910518053375194,0.37237575985460925
15530,15935,6519,15967,5947,0.4090994665829934,0.37245568986033695
15540,15945,6524,15977,5948,0.40915647538413297,0.37228515991738126
15550,15955,6527,15987,5950,0.40908806016922594,0.3721773941327328
15560,15966,6533,15997,5955,0.40918201177502195,0.37225729824342063
15570,15976,6539,16007,5957,0.4093014521782674,0.37214968451302555
15580,15986,6541,16017,5961,0.4091705242086826,0.3721670724854842
15590,15997,6544,16027,5967,0.4090767018816028,0.37230922817745055
15600,16007,6550,16037,5971,0.40919597676016745,0.3723264949803579
15610,16017,6552,16047,5978,0.40906536804645066,0.3725306910949087
15620,16027,6555,16057,5982,0.40899731702751607,0.3725477984679579
15630,16039,6561,16068,5985,0.4090654030799925,0.37247946228528755
15640,16049,6562,16078,5989,0.4088728269674123,0.3724965791765145
15650,16060,6564,16089,5993,0.4087173100871731,0.37249052147429923
15660,16070,6568,16099,5995,0.4087118855009334,0.3723833778495559
15670,16080,6573,16109,6000,0.40876865671641793,0.3724625985473959
15680,16090,6577,16119,6000,0.4087632069608452,0.3722315280104225
15690,16100,6582,16130,6006,0.4088198757763975,0.37234965902045875
15700,16110,6584,16140,6009,0.4086902545003104,0.37230483271375464
15710,16120,6587,16150,6014,0.4086228287841191,0.3723839009287926
15720,16130,6591,16162,6019,0.40861748295102296,0.3724167801014726
15730,16140,6597,16172,6024,0.4087360594795539,0.3724956715310413
15740,16150,6600,16182,6027,0.4086687306501548,0.3724508713385243
15750,16160,6608,16192,6030,0.4089108910891089,0.37240612648221344
15760,16171,6614,16202,6036,0.40900377218477524,0.37254659918528577
15770,16183,6620,16212,6040,0.40907124760551195,0.37256353318529484
15780,16193,6624,16222,6043,0.40906564564935466,0.37251880162741957
15790,16203,6630,16232,6048,0.4091834845399,0.37259733859043864
15800,16213,6635,16242,6050,0.4092394991673349,0.3724910725280138
15810,16223,6640,16252,6056,0.40929544473895085,0.37263106079251784
15820,16233,6644,16262,6063,0.409289718474712,0.37283236994219654
15830,16243,6649,16272,6064,0.40934556424305857,0.3726647000983284
15840,16253,6652,16282,6068,0.40927828708546116,0.37268148876059454
15850,16263,6657,16293,6074,0.4093340712045748,0.37279813416804763
15860,16273,6662,16303,6076,0.40938978676335036,0.37269214255045086
15870,16283,6668,16313,6077,0.40950684763250017,0.372524980077239
15880,16294,6673,16323,6081,0.4095372529765558,0.3725418121668811
15890,16304,6677,16333,6086,0.40953140333660454,0.37261984938468135
15900,16314,6679,16343,6090,0.40940296677700133,0.37263660282689837
15910,16324,6685,16354,6093,0.4095197255574614,0.37256940198116667
15920,16334,6691,16365,6099,0.4096363413738215,0.37268560953253893
15930,16344,6697,16375,6102,0.4097528144884973,0.3726412213740458
15940,16354,6699,16385,6108,0.4096245566833802,0.37277998169057064
15950,16364,6705,16396,6111,0.40974089464678565,0.3727128567943401
15960,16375,6708,16406,6116,0.40964885496183207,0.3727904425210289
15970,16385,6712,16417,6122,0.4096429661275557,0.3729061338856064
15980,16395,6713,16427,6127,0.40945410186032327,0.37298350276983017
15990,16406,6720,16437,6130,0.4096062416189199,0.3729391008091501
16000,16416,6723,16448,6134,0.4095394736842105,0.3729328793774319
16010,16426,6728,16459,6140,0.4095945452331669,0.3730481803268728
16020,16437,6731,16470,6143,0.4095029506600961,0.3729811778992107
16030,16447,6731,16481,6145,0.40925396728886726,0.37285358898125115
16040,16458,6737,16491,6149,0.40934499939239277,0.3728700503304833
16050,16468,6741,16502,6150,0.4093393247510323,0.37268209913949824
16060,16478,6746,16512,6153,0.4093943439737832,0.3726380813953488
16070,16488,6749,16522,6156,0.40932799611838916,0.3725941169349958
16080,16498,6751,16532,6160,0.40920111528670144,0.3726106944108396
16090,16508,6754,16543,6163,0.40913496486551976,0.3725442785468174
16100,16519,6755,16555,6169,0.40892305829650705,0.3726366656599215
16110,16529,6760,16565,6171,0.4089781595982818,0.37253244793238754
16120,16539,6765,16575,6175,0.4090331942680936,0.37254901960784315
16130,16549,6769,16585,6176,0.40902773581485286,0.3723846849562858
16140,16560,6772,16595,6181,0.40893719806763285,0.3724615848147032
16150,16571,6776,16605,6186,0.40890712690845454,0.3725383920505872
16160,16581,6780,16615,6192,0.40890175502080695,0.3726752934095697
16170,16591,6783,16625,6195,0.40883611596648783,0.3726315789473684
16180,16601,6788,16635,6202,0.40889103066080357,0.37282837391042983
16190,16611,6791,16645,6208,0.40882547709349226,0.3729648543106038
16200,16621,6794,16655,6210,0.40876000240659405,0.3728610027018913
16210,16631,6798,16665,6216,0.408754735133185,0.372997299729973
16220,16641,6802,16675,6218,0.408749474190253,0.3728935532233883
16230,16651,6804,16687,6222,0.40862410666026067,0.37286510457242167
16240,16661,6808,16697,6225,0.40861893043634834,0.37282146493382046
16250,16671,6812,16707,6231,0.4086137604222902,0.3729574429879691
16260,16681,6818,16717,6235,0.4087284934955938,0.3729736196686008
16270,16692,6820,16728,6241,0.40857895998082916,0.37308703969392637
16280,16703,6826,16738,6248,0.4086691013590373,0.3732823515354284
16290,16713,6830,16748,6251,0.40866391431819543,0.3732385956532123
16300,16723,6834,16758,6255,0.40865873348083476,0.3732545649838883
16310,16733,6838,16768,6260,0.4086535588358334,0.37333015267175573
16320,16743,6844,16778,6265,0.40876784327778776,0.37340565025628797
16330,16753,6848,16788,6266,0.408762609681848,0.3732427924708125
16340,16764,6853,16798,6269,0.40879265091863515,0.37319919037980714
16350,16774,6856,16808,6272,0.4087277930129963,0.373155640171347
16360,16785,6860,16818,6275,0.40869824247840336,0.3731121417528838
16370,16795,6863,16828,6280,0.40863352188151236,0.37318754456857617
16380,16805,6866,16839,6281,0.40856887831002675,0.3730031474553121
16390,16815,6868,16849,6285,0.40844484091584893,0.3730191702771678
16400,16826,6871,16859,6288,0.4083561155354808,0.37297585859185006
16410,16836,6873,16869,6290,0.40823235923022094,0.3728733179204458
16420,16846,6877,16879,6293,0.4082274723970082,0.37283014396587477
16430,16856,6882,16891,6298,0.40828191741813,0.3728612870759576
16440,16866,6886,16901,6302,0.40827700699632397,0.37287734453582627
16450,16876,6894,16911,6305,0.4085091253851624,0.37283424989651703
16460,16886,6899,16922,6313,0.40856330688144027,0.3730646495686089
16470,16896,6903,16933,6316,0.40855823863636365,0.37299946849347426
16480,16906,6907,16944,6322,0.4085531763870815,0.3731114258734655
16490,16916,6912,16954,6326,0.4086072357531331,0.37312728559631947
16500,16926,6920,16964,6331,0.4088384733546024,0.3732020749823155
16510,16936,6925,16974,6334,0.4088923004251299,0.37315894898079416
16520,16946,6930,16984,6337,0.408946063967898,0.37311587376354216
16530,16957,6935,16994,6343,0.4089756442766999,0.37324938213487113
16540,16967,6940,17004,6346,0.4090292921553604,0.37320630439896496
16550,16977,6943,17014,6346,0.4089650703893503,0.37298695192194664
16560,16987,6947,17024,6350,0.4089597927827162,0.37300281954887216
16570,16997,6952,17034,6353,0.40901335529799376,0.372959962428085
16580,17007,6953,17044,6358,0.4088316575527724,0.3730344989439099
16590,17017,6956,17054,6361,0.40876770288534997,0.3729916735076815
16600,17027,6961,17064,6363,0.4088212838433077,0.3728902953586498
16610,17037,6965,17074,6366,0.40881610612196984,0.3728476045449221
16620,17047,6967,17084,6371,0.40869361177919866,0.3729220323109342
16630,17057,6970,17095,6375,0.40862988802251277,0.3729160573267037
16640,17068,6976,17105,6377,0.4087180689008671,0.3728149663840982
16650,17078,6978,17116,6383,0.4085958543154936,0.37292591727039026
16660,17089,6984,17126,6387,0.40868394873895486,0.3729417260305968
16670,17099,6985,17136,6389,0.40850342125270483,0.3728408029878618
16680,17109,6991,17146,6392,0.40861534864691096,0.3727983203079435
16690,17120,6996,17157,6399,0.4086448598130841,0.3729673019758699
16700,17130,7001,17167,6404,0.4086981903093987,0.3730413001689288
16710,17141,7007,17177,6409,0.4087859518114462,0.3731152122023636
16720,17151,7009,17187,6410,0.4086642178298642,0.3729563041833944
16730,17161,7012,17197,6412,0.40860089738360234,0.3728557306506949
16740,17171,7014,17208,6416,0.40847941296371787,0.3728498372849837
16750,17181,7016,17218,6424,0.40835806996100343,0.37309792078057846
16760,17191,7023,17228,6424,0.4085277179919725,0.3728813559322034
16770,17201,7026,17239,6428,0.40846462414975876,0.3728754568130402
16780,17212,7031,17249,6431,0.4084940739019289,0.3728332077221868
16790,17222,7032,17259,6435,0.40831494599930324,0.372848948374761
16800,17232,7037,17269,6437,0.4083681522748375,0.3727488563321559
16810,17242,7043,17279,6441,0.4084792947453892,0.37276462758261475
16820,17253,7047,17289,6446,0.4084507042253521,0.3728382208340563
16830,17263,7050,17299,6449,0.40838788159647804,0.37279611538239205
16840,17273,7051,17309,6454,0.4082093440629885,0.37286960540759145
16850,17283,7055,17321,6460,0.4082045941098189,0.37295768142716934
16860,17293,7061,17332,6465,0.4083155033828717,0.3730094622663282
16870,17304,7066,17343,6471,0.4083448913546001,0.37311883757135444
16880,17314,7070,17353,6475,0.4083400716183435,0.373134328358209
16890,17324,7072,17363,6480,0.40821981066728236,0.37320739503542016
16900,17335,7076,17373,6485,0.4081915200461494,0.3732803775974213
16910,17347,7083,17383,6491,0.40831267654349457,0.37341080365874707
16920,17357,7087,17393,6495,0.40830788730771445,0.3734260909561318
16930,17367,7092,17403,6500,0.4083606840559682,0.37349882204217666
16940,17377,7098,17414,6506,0.40847096737066235,0.3736074422878144
16950,17387,7101,17424,6508,0.40840858112382816,0.37350780532598715
16960,17397,7101,17434,6513,0.4081738230729436,0.37358036021567054
16970,17407,7107,17444,6515,0.40828402366863903,0.37348085301536343
16980,17418,7114,17454,6519,0.40842806292341255,0.373496046751461
16990,17428,7120,17465,6520,0.40853798485196235,0.37331806470083023
17000,17438,7126,17475,6521,0.40864778070879687,0.37316165951359087
17010,17448,7130,17485,6522,0.4086428243924805,0.37300543322848156
17020,17458,7135,17496,6528,0.4086951540840875,0.3731138545953361
17030,17468,7140,17506,6529,0.408747423860774,0.3729578430252485
17040,17479,7146,17516,6531,0.4088334572916071,0.3728591002511989
17050,17490,7151,17527,6533,0.40886220697541453,0.3727392023734809
17060,17500,7154,17538,6537,0.4088,0.37273349298665753
17070,17510,7158,17548,6539,0.4087949743003998,0.37263505812628217
17080,17521,7168,17559,6544,0.4091090691170595,0.37268637166125634
17090,17531,7173,17569,6550,0.4091609149506588,0.372815755023052
17100,17541,7177,17580,6554,0.4091556923778576,0.3728100113765643
17110,17551,7180,17590,6557,0.409093498945929,0.37276861853325755
17120,17561,7183,17600,6561,0.4090313763453106,0.3727840909090909
17130,17571,7185,17610,6564,0.4089124124978658,0.3727427597955707
17140,17582,7189,17620,6566,0.40888408599704246,0.37264472190692394
17150,17592,7194,17631,6568,0.40893587994542974,0.37252566502183654
17160,17603,7198,17641,6572,0.4089075725728569,0.37254123915877785
17170,17613,7201,17652,6578,0.40884573894282633,0.37264899161568094
17180,17623,7203,17662,6580,0.40872723145888895,0.37255123995017553
17190,17633,7207,17672,6586,0.4087222820847275,0.3726799456767768
17200,17644,7210,17683,6589,0.4086374971661755,0.3726177684781994
17210,17654,7215,17693,6591,0.40868924889543445,0.3725202057310801
17220,17664,7219,17703,6597,0.4086843297101449,0.3726487036095577
17230,17674,7225,17713,6599,0.4087925766662895,0.3725512335572743
17240,17685,7230,17723,6600,0.40882103477523324,0.3723974496417085
17250,17695,7234,17734,6605,0.4088160497315626,0.372448404195331
17260,17706,7238,17745,6610,0.4087879814752061,0.37249929557621864
17270,17716,7243,17755,6614,0.40883946714834046,0.3725147845677274
17280,17727,7249,17766,6618,0.4089242398601004,0.3725092874029044
17290,17737,7251,17777,6623,0.4088064497942155,0.3725600495021657
17300,17747,7256,17787,6628,0.40885783512706375,0.372631697307022
17310,17757,7260,17797,6634,0.4088528467646562,0.37275945384053494
17320,17767,7261,17807,6638,0.40867901165081333,0.3727747515022182
17330,17777,7267,17818,6646,0.40878663441525565,0.3729936019755304
17340,17788,7272,17828,6650,0.4088149314144367,0.3730087502804577
17350,17798,7272,17838,6655,0.4085852342959883,0.3730799416974997
17360,17808,7280,17849,6659,0.4088050314465409,0.3730741217995406
17370,17818,7284,17859,6662,0.4088000897968347,0.3730332045467271
17380,17829,7288,17869,6663,0.408772225026642,0.3728804074094801
17390,17839,7291,17879,6667,0.40871125063064073,0.3728955758152022
17400,17850,7296,17890,6670,0.4087394957983193,0.3728339854667412
17410,17860,7300,17900,6675,0.4087346024636058,0.3729050279329609
17420,17870,7305,17911,6678,0.4087856743144936,0.37284350399196026
17430,17880,7306,17922,6685,0.4086129753914989,0.3730052449503404
17440,17890,7308,17932,6691,0.40849636668529904,0.3731318313629266
17450,17900,7312,17942,6693,0.40849162011173185,0.3730353360829339
17460,17910,7317,17953,6697,0.4085427135678392,0.3730295772294324
17470,17920,7319,17964,6702,0.4084263392857143,0.3730794923179693
17480,17931,7323,17975,6706,0.40839886230550443,0.3730737134909597
17490,17942,7330,17985,6709,0.40853862445658234,0.37303308312482625
17500,17952,7336,17995,6714,0.4086452762923351,0.3731036398999722
17510,17963,7343,18005,6717,0.40878472415520795,0.3730630380449875
17520,17973,7347,18016,6723,0.4087798364212986,0.3731682948490231
17530,17983,7350,18026,6728,0.4087193460490463,0.37323865527571287
17540,17993,7354,18036,6732,0.40871450008336574,0.37325349301397204
17550,18004,7361,18046,6740,0.4088535880915352,0.3734899700764712
17560,18014,7366,18057,6742,0.40890418563339626,0.3733732070665116
17570,18024,7369,18067,6746,0.408843763870395,0.37338794487186583
17580,18034,7373,18078,6755,0.40883885993124097,0.3736585905520522
17590,18045,7379,18089,6759,0.40892213909670266,0.37365249599203937
17600,18056,7384,18099,6761,0.40894993354009745,0.3735565500856401
17610,18066,7384,18109,6767,0.40872356913539243,0.37368159478712243
17620,18076,7387,18119,6771,0.40866342111086523,0.373696120094928
17630,18087,7392,18131,6775,0.40869132526123736,0.37366940598974135
17640,18097,7395,18142,6777,0.4086312648505277,0.37355308124793296
17650,18107,7398,18152,6782,0.40857127077925665,0.373622741295725
17660,18117,7402,18162,6787,0.4085665397140807,0.3736923246338509
17670,18127,7407,18172,6789,0.4086169801952888,0.37359674224081
17680,18137,7410,18182,6791,0.40855709323482386,0.37350126498735015
17690,18147,7415,18192,6796,0.40860748333057806,0.373570800351803
17700,18157,7422,18202,6799,0.4087679682766977,0.3735303812767828
17710,18169,7427,18212,6802,0.4087731850954923,0.3734900065890622
17720,18179,7432,18222,6805,0.4088233676219814,0.37344967621556363
17730,18189,7435,18233,6812,0.4087635384023311,0.37360829265617285
17740,18199,7441,18243,6815,0.40886861915489864,0.3735679438688812
17750,18209,7444,18253,6819,0.40880883079795705,0.3735824248068811
17760,18220,7450,18263,6823,0.4088913282107574,0.37359688988665607
17770,18230,7455,18273,6824,0.40894130554031816,0.37344716248016196
17780,18240,7460,18283,6827,0.40899122807017546,0.373406990100093
17790,18250,7465,18294,6832,0.40904109589041093,0.3734557778506614
17800,18260,7468,18304,6836,0.40898138006571744,0.37347027972027974
17810,18270,7471,18314,6838,0.4089217296113848,0.3733755596811183
17820,18280,7474,18325,6841,0.4088621444201313,0.37331514324693044
17830,18290,7479,18335,6843,0.4089119737561509,0.3732206163076084
17840,18301,7481,18345,6846,0.4087754767499044,0.3731807031888798
17850,18311,7483,18355,6850,0.40866146032439515,0.3731953146281667
17860,18321,7486,18365,6856,0.40860215053763443,0.3733188129594337
17870,18331,7488,18375,6863,0.40848835306311715,0.3734965986394558
17880,18341,7491,18386,6869,0.4084292023335696,0.3735994778635919
17890,18351,7494,18397,6877,0.4083701160699689,0.37381094743708215
17900,18361,7499,18408,6881,0.4084200206960405,0.37380486744893526
17910,18371,7504,18418,6885,0.40846987099232485,0.373819090020632
17920,18381,7507,18428,6889,0.4084108590392253,0.373833297156501
17930,18391,7511,18438,6890,0.40840628568321463,0.37368478142965617
17940,18401,7515,18448,6897,0.4084017172979729,0.3738616652211622
17950,18411,7519,18459,6899,0.4083971538754006,0.37374722357657514
17960,18421,7522,18470,6904,0.40833830953802724,0.37379534380075796
17970,18431,7527,18480,6908,0.408388041885953,0.3738095238095238
17980,18441,7532,18491,6913,0.4084377202971639,0.3738575523227516
17990,18452,7535,18501,6916,0.4083568176891394,0.3738176314793795
18000,18463,7539,18511,6920,0.408330173861236,0.37383177570093457
18010,18473,7544,18522,6924,0.40837979754235915,0.37382572076449627
18020,18483,7549,18532,6929,0.4084293675269166,0.37389380530973454
18030,18493,7557,18542,6931,0.4086411074460607,0.37380002157264586
18040,18504,7561,18553,6937,0.40861435365326415,0.3739017948579745
18050,18516,7567,18563,6940,0.40867357960682654,0.3738619835155955
18060,18526,7568,18573,6943,0.4085069631868725,0.3738222150433425
18070,18536,7573,18583,6947,0.4085563228312473,0.37383630199644835
18080,18547,7575,18593,6954,0.4084218471990079,0.37401172484268275
18090,18557,7578,18604,6958,0.4083634208115536,0.3740055901956568
18100,18567,7581,18614,6963,0.40830505735983197,0.3740732781777157
18110,18577,7585,18624,6965,0.40830058674705283,0.3739798109965636
18120,18587,7588,18634,6969,0.40824231990100607,0.3739937748202211
18130,18597,7594,18645,6975,0.40834543205893425,0.37409493161705554
18140,18607,7598,18655,6977,0.40834094695544687,0.37400160814794964
18150,18617,7601,18665,6979,0.40828275232314554,0.37390838467720333
18160,18627,7605,18675,6982,0.40827830568529555,0.37386880856760374
18170,18637,7611,18686,6986,0.40838117722809464,0.37386278497270686
18180,18648,7619,18696,6989,0.40856928356928357,0.3738232777064613
18190,18658,7624,18706,6991,0.40861828706185016,0.3737303538971453
18200,18668,7629,18716,6996,0.4086672380544247,0.3737978200470186
18210,18678,7634,18726,7002,0.408716136631331,0.3739186158282602
18220,18688,7637,18737,7010,0.4086579623287671,0.37412606073544324
18230,18698,7642,18749,7014,0.4087068135629479,0.37409995199743984
18240,18708,7647,18760,7018,0.40875561257216164,0.37409381663113006
18250,18718,7651,18770,7023,0.4087509349289454,0.37416089504528505
18260,18729,7656,18780,7028,0.40877783117091143,0.3742279020234292
18270,18739,7664,18790,7031,0.40898660547521215,0.37418839808408727
18280,18749,7670,18800,7036,0.409088484719185,0.37425531914893617
18290,18760,7678,18810,7042,0.40927505330490405,0.37437533227006914
18300,18770,7681,18820,7046,0.4092168353755994,0.37438894792773647
18310,18780,7685,18831,7050,0.4092119275825346,0.37438266687908234
18320,18790,7691,18841,7057,0.4093134646088345,0.37455549068520777
18330,18800,7697,18851,7063,0.40941489361702127,0.3746750835499443
18340,18810,7700,18861,7063,0.4093567251461988,0.37447643285085624
18350,18820,7702,18871,7066,0.40924548352816154,0.3744369667744158
18360,18830,7706,18881,7070,0.4092405735528412,0.37445050579948097
18370,18840,7710,18891,7078,0.40923566878980894,0.37467577153141707
18380,18850,7716,18902,7085,0.4093368700265252,0.374828060522696
18390,18860,7720,18912,7088,0.4093319194061506,0.37478849407783416
18400,18871,7727,18922,7092,0.40946425732605585,0.3748018179896417
18410,18881,7733,18932,7098,0.40956517133626397,0.37492076906824423
18420,18891,7738,18942,7102,0.40961304324810754,0.3749340090803505
18430,18901,7743,18954,7109,0.40966086450452355,0.3750659491400232
18440,18911,7745,18964,7111,0.40954999735603614,0.3749736342543767
18450,18921,7749,18974,7117,0.4095449500554939,0.37509223147464954
18460,18931,7752,18984,7118,0.40948708467592837,0.3749473240623683
18470,18941,7756,18994,7122,0.409482075919962,0.3749605138464778
18480,18951,7757,19006,7127,0.4093187694580761,0.3749868462590761
18490,18961,7759,19016,7131,0.40920837508570224,0.375
18500,18971,7762,19026,7134,0.4091508091297243,0.3749605802585935
18510,18982,7763,19036,7138,0.40896638921083134,0.37497373397772643
18520,18993,7769,19046,7143,0.40904543779287106,0.3750393783471595
18530,19003,7774,19057,7148,0.40909330105772773,0.37508527050427665
18540,19013,7775,19068,7152,0.4089307316046915,0.3750786658275645
18550,19023,7779,19078,7154,0.40892603690269674,0.37498689590103784
18560,19033,7782,19088,7157,0.4088688068092261,0.37494761106454316
18570,19044,7783,19098,7161,0.4086851501785339,0.3749607288721332
18580,19055,7788,19108,7163,0.4087116242456048,0.3748691647477496
18590,19065,7793,19118,7169,0.4087595069499082,0.3749869233183387
18600,19076,7800,19128,7173,0.40889075277836023,0.375
18610,19088,7806,19138,7174,0.4089480301760268,0.3748563068241196
18620,19098,7811,19148,7178,0.4089957063566866,0.3748694380614163
18630,19108,7813,19159,7182,0.4088863303328449,0.37486298867373036
18640,19119,7817,19170,7185,0.4088602960405879,0.3748043818466354
18650,19130,7822,19181,7185,0.40888656560376374,0.37458943746415724
18660,19141,7828,19191,7187,0.4089650488480226,0.37449846282111404
18670,19151,7831,19201,7191,0.40890815101039113,0.3745117441799906
18680,19161,7834,19211,7195,0.4088513125619748,0.37452501171204
18690,19172,7839,19221,7198,0.4088775297308575,0.3744862390094168
18700,19183,7846,19231,7203,0.4090079758119168,0.37455150538193543
18710,19193,7855,19241,7207,0.4092637940915959,0.37456473156280856
18720,19203,7859,19251,7213,0.4092589699526116,0.3746818347098852
18730,19213,7862,19261,7217,0.40920210274293445,0.3746949794922382
18740,19223,7866,19271,7220,0.40919731571554907,0.3746562191894557
18750,19233,7870,19281,7223,0.40919253366609476,0.37461749909237074
18760,19243,7877,19291,7226,0.4093436574338721,0.37457881913845836
18770,19253,7881,19301,7233,0.40933880434218045,0.37474742241334646
18780,19263,7884,19311,7239,0.4092820432954368,0.3748640671120087
18790,19273,7889,19321,7242,0.40932911326726507,0.37482531960043475
18800,19283,7893,19331,7245,0.4093242752683711,0.3747866121773317
18810,19293,7896,19341,7248,0.4092676100139947,0.3747479447805181
18820,19303,7898,19352,7252,0.40915919805211626,0.37474162877221995
18830,19314,7902,19363,7257,0.4091332712022367,0.3747869648298301
18840,19324,7907,19373,7259,0.4091802939350031,0.3746967428895886
18850,19335,7910,19383,7261,0.4091026635634859,0.37460661404323375
18860,19346,7912,19393,7263,0.4089734312002481,0.374516578146754
18870,19356,7917,19404,7266,0.40902045877247367,0.37445887445887444
18880,19366,7918,19414,7268,0.4088608902199731,0.37436901205315753
18890,19376,7921,19424,7271,0.4088047068538398,0.37433072487644153
18900,19387,7924,19435,7276,0.40872749780780937,0.3743761255466941
18910,19397,7926,19446,7280,0.40861988967366086,0.3743700503959683
18920,19407,7929,19457,7289,0.40856392023496674,0.3746209590378784
18930,19418,7935,19467,7291,0.40864146668039963,0.37453125802640364
18940,19429,7940,19477,7297,0.40866745586494413,0.3746470195615341
18950,19441,7946,19487,7299,0.40872383107864824,0.3745573972391851
18960,19451,7948,19497,7304,0.40861652357205286,0.37462173667743753
18970,19462,7954,19507,7306,0.4086938649676292,0.3745322192033629
18980,19472,7960,19517,7308,0.4087921117502054,0.37444279346210996
18990,19482,7962,19527,7311,0.40868493994456423,0.3744046704562913
19000,19493,7969,19538,7313,0.40881342020212386,0.37429624321834376
19010,19503,7973,19548,7319,0.408808901194688,0.37441170452220174
19020,19513,7977,19558,7323,0.40880438681904374,0.37442478781061456
19030,19523,7978,19569,7326,0.4086462121600164,0.37436762225969644
19040,19533,7981,19579,7330,0.4085905902831106,0.3743807140303386
19050,19545,7985,19590,7336,0.4085443847531338,0.37447677386421646
19060,19555,7991,19600,7338,0.4086422909741754,0.3743877551020408
19070,19565,7994,19610,7340,0.40858676207513417,0.3742988271290158
19080,19575,7999,19620,7343,0.4086334610472542,0.3742609582059123
19090,19586,8002,19631,7346,0.4085571326457674,0.3742040649992359
19100,19596,8008,19641,7350,0.40865482751581955,0.3742171987169696
19110,19606,8017,19651,7353,0.40890543711108845,0.3741794310722101
19120,19617,8023,19661,7358,0.40898200540347657,0.374243426071919
19130,19627,8026,19671,7361,0.4089264788301829,0.37420568349346756
19140,19637,8027,19681,7363,0.4087691602586953,0.3741171688430466
19150,19647,8031,19691,7368,0.4087646969002901,0.37418109796353666
19160,19659,8038,19701,7370,0.4088712548959764,0.3740926856504746
19170,19669,8042,19711,7373,0.40886674462351924,0.3740550961392116
19180,19681,8048,19721,7377,0.4089223108581881,0.3740682521170326
19190,19691,8051,19731,7380,0.4088669950738916,0.37403071309107494
19200,19702,8054,19741,7384,0.40879098568673233,0.3740438680917887
19210,19712,8058,19751,7388,0.408786525974026,0.3740570097716571
19220,19723,8065,19761,7390,0.4089134513005121,0.3739689286979404
19230,19734,8068,19771,7393,0.40883753927232186,0.3739315158565576
19240,19744,8074,19783,7398,0.4089343598055105,0.37395743820451904
19250,19754,8077,19794,7401,0.40887921433633695,0.3739011821764171
19260,19766,8081,19804,7404,0.4088333501973085,0.37386386588567966
19270,19776,8082,19814,7408,0.4086771844660194,0.3738770566266276
19280,19786,8084,19824,7411,0.40857171737592235,0.37383979015334945
19290,19797,8085,19834,7414,0.40839521139566604,0.3738025612584451
19300,19807,8089,19844,7416,0.4083909728883728,0.3737149768191897
19310,19817,8093,19855,7419,0.4083867386587274,0.37365902795265676
19320,19827,8097,19865,7424,0.4083825087002572,0.37372262773722625
19330,19837,8100,19875,7428,0.4083278721580884,0.3737358490566038
19340,19848,8103,19885,7431,0.4082527206771463,0.3736987679155142
19350,19858,8105,19897,7438,0.40814784973310503,0.37382519977886114
19360,19868,8109,19908,7441,0.4081437487416952,0.3737693389592124
19370,19878,8114,19919,7444,0.408189958748365,0.37371353983633715
19380,19888,8116,19929,7447,0.4080852775543041,0.37367655175874354
19390,19898,8121,19939,7448,0.4081314704995477,0.3735392948492903
19400,19908,8124,19950,7454,0.40807715491259794,0.3736340852130326
19410,19918,8127,19960,7455,0.40802289386484586,0.373496993987976
19420,19928,8131,19970,7457,0.4080188679245283,0.3734101151727591
19430,19938,8135,19980,7463,0.4080148460226703,0.3735235235235235
19440,19949,8142,19990,7469,0.40814075893528495,0.3736368184092046
19450,19959,8145,20000,7474,0.40808657748384186,0.3737
19460,19969,8149,20011,7478,0.4080825279182733,0.37369446804257656
19470,19980,8154,20021,7483,0.4081081081081081,0.37375755456770393
19480,19990,8156,20031,7487,0.4080040020010005,0.3737706554839998
19490,20000,8160,20043,7489,0.408,0.37364665968168437
19500,20010,8167,20053,7492,0.4081459270364818,0.37360993367575923
19510,20020,8171,20063,7496,0.40814185814185816,0.3736230872750835
19520,20031,8179,20073,7500,0.40831710848185315,0.37363622776864447
19530,20042,8181,20084,7502,0.40819279513022655,0.37353116908982276
19540,20052,8184,20094,7506,0.40813883901855175,0.37354434159450584
19550,20063,8188,20104,7508,0.4081144395155261,0.37345801830481495
19560,20073,8193,20114,7513,0.4081602152144672,0.3735209306950383
19570,20084,8197,20124,7515,0.40813582951603267,0.37343470483005364
19580,20094,8198,20135,7520,0.40798248233303475,0.37347901663769556
19590,20105,8205,20145,7524,0.4081074359612037,0.3734921816827997
19600,20115,8210,20156,7529,0.40815311956251554,0.3735364159555467
19610,20125,8215,20168,7535,0.40819875776397513,0.37361166203887347
19620,20136,8220,20178,7537,0.40822407628128726,0.37352562196451583
19630,20147,8225,20188,7541,0.40824936715143695,0.3735387358827026
19640,20157,8229,20199,7547,0.4082452745944337,0.3736323580375266
19650,20168,8236,20209,7551,0.40836969456564853,0.37364540551239545
19660,20178,8241,20219,7553,0.40841510556051147,0.373559523220733
19670,20189,8246,20229,7558,0.4084402397345089,0.3736220277818973
19680,20199,8251,20240,7564,0.40848556859250457,0.37371541501976285
19690,20209,8255,20250,7566,0.40848136968677323,0.37362962962962964
19700,20220,8259,20260,7570,0.40845697329376857,0.3736426456071076
19710,20230,8266,20270,7576,0.40860108749382107,0.373754316724223
19720,20240,8267,20280,7579,0.4084486166007905,0.3737179487179487
19730,20250,8271,20290,7583,0.40844444444444444,0.37373090192212916
19740,20260,8274,20300,7585,0.408390918065153,0.37364532019704433
19750,20271,8281,20312,7589,0.4085146268067683,0.3736215045293423
19760,20282,8287,20322,7594,0.4085888965585248,0.3736836925499459
19770,20292,8291,20332,7599,0.4085846639069584,0.3737458193979933
19780,20302,8293,20343,7604,0.40848192296325486,0.37378950990512705
19790,20312,8298,20354,7607,0.40852697912564,0.3737348924044414
19800,20322,8304,20364,7610,0.4086211987009153,0.3736986839520723
19810,20332,8309,20375,7615,0.4086661420421011,0.37374233128834355
19820,20343,8311,20386,7619,0.4085434793294991,0.37373687824977925
19830,20353,8313,20396,7623,0.4084410160664276,0.37374975485389295
19840,20364,8315,20407,7627,0.4083186014535455,0.37374430342529524
19850,20374,8322,20417,7633,0.40846176499460096,0.37385512073272276
19860,20385,8327,20427,7635,0.40848663232769195,0.3737700102805111
19870,20395,8329,20438,7636,0.4083844079431233,0.37361777081906256
19880,20405,8333,20448,7638,0.4083802989463367,0.37353286384976525
19890,20415,8336,20458,7644,0.4083272103845212,0.37364356242056895
19900,20425,8338,20469,7649,0.4082252141982864,0.373687038936929
19910,20435,8343,20480,7652,0.4082701247859065,0.3736328125
19920,20446,8346,20490,7653,0.4081972023867749,0.3734992679355783
19930,20456,8349,20500,7656,0.40814430973797416,0.37346341463414634
19940,20466,8353,20510,7663,0.4081403303039187,0.37362262311067773
19950,20476,8361,20520,7669,0.4083317054112131,0.3737329434697856
19960,20486,8364,20530,7673,0.40827882456311626,0.3737457379444715
19970,20496,8368,20540,7677,0.40827478532396566,0.3737585199610516
19980,20507,8372,20550,7681,0.40825084117618377,0.3737712895377129
19990,20517,8377,20561,7685,0.4082955597796949,0.37376586741889983
20000,20528,8382,20572,7690,0.40832034294621977,0.37380906085942056
20010,20538,8389,20582,7693,0.4084623624500925,0.37377319988339325
20020,20548,8394,20592,7697,0.4085069106482383,0.37378593628593626
20030,20558,8396,20602,7699,0.40840548691506956,0.3737015823706436
20040,20569,8399,20612,7704,0.40833292819291167,0.3737628565883951
20050,20579,8404,20623,7709,0.40837747218037806,0.3738059448188915
20060,20590,8409,20635,7715,0.4084021369596892,0.3738793312333414
20070,20600,8411,20645,7718,0.4083009708737864,0.3738435456527004
20080,20611,8417,20655,7720,0.40837416913298724,0.373759380295328
20090,20623,8420,20665,7721,0.40828201522571883,0.3736269053955964
20100,20633,8426,20675,7725,0.4083749333591819,0.373639661426844
20110,20643,8431,20686,7730,0.4084193188974471,0.37368268394082954
20120,20653,8436,20696,7733,0.40846366145354185,0.37364708156165444
20130,20664,8443,20706,7734,0.40858497870692995,0.3735149232106636
20140,20674,8445,20717,7736,0.4084840862919609,0.37341313896799727
20150,20684,8452,20727,7742,0.408625024173274,0.3735224586288416
20160,20695,8459,20738,7748,0.4087460739309012,0.3736136560902691
20170,20705,8462,20749,7753,0.40869355228205745,0.3736565617620126
20180,20716,8467,20760,7755,0.4087178992083414,0.3735549132947977
20190,20726,8471,20770,7760,0.4087136929460581,0.3736157920077034
20200,20737,8475,20781,7764,0.40868978154988667,0.3736105096001155
20210,20747,8478,20791,7771,0.40863739335807586,0.37376749555095956
20220,20758,8484,20801,7777,0.40870989498024857,0.3738762559492332
20230,20769,8486,20811,7780,0.4085897250710193,0.3738407572918168
20240,20779,8490,20821,7785,0.40858559122190674,0.3739013495989626
20250,20789,8492,20831,7787,0.40848525662610036,0.3738178676011713
20260,20800,8499,20841,7791,0.40860576923076924,0.3738304304016122
20270,20810,8502,20851,7796,0.4085535800096108,0.37389094048247085
20280,20820,8505,20861,7800,0.4085014409221902,0.3739034562101529
20290,20830,8508,20871,7802,0.4084493518963034,0.3738201331991759
20300,20840,8513,20881,7806,0.4084932821497121,0.37383267084909727
20310,20851,8520,20891,7809,0.40861349575559924,0.3737973289933464
20320,20861,8523,20901,7811,0.4085614304204017,0.3737141763551983
20330,20871,8528,20913,7812,0.40860524172296486,0.37354755415291924
20340,20881,8532,20923,7815,0.40860112063598486,0.37351240261912727
20350,20891,8537,20933,7820,0.4086448709970801,0.3735728275927961
20360,20902,8546,20944,7826,0.4088603961343412,0.37366310160427807
20370,20912,8549,20954,7828,0.40880833970925784,0.3735802233463778
20380,20922,8550,20964,7834,0.4086607398910238,0.3736882274375119
20390,20933,8555,20974,7840,0.40868485166961255,0.37379612854009725
20400,20943,8559,20984,7845,0.4086807047700902,0.3738562714449104
20410,20954,8564,20994,7848,0.4087047819032166,0.37382109174049727
20420,20966,8570,21004,7850,0.40875703519984735,0.37373833555513236
20430,20976,8574,21014,7856,0.4087528604118993,0.37384600742362234
20440,20987,8574,21026,7859,0.40853861914518513,0.3737753257871207
20450,20997,8577,21037,7865,0.4084869267038148,0.3738650948329134
20460,21007,8580,21047,7868,0.40843528347693625,0.3738299995248729
20470,21017,8583,21057,7870,0.40838368939429986,0.37374744740466354
20480,21027,8589,21067,7873,0.4084748180910258,0.37371244125884084
20490,21037,8592,21078,7879,0.4084232542662927,0.3738020685074485
20500,21047,8593,21088,7881,0.40827671402100063,0.37371965098634297
20510,21057,8596,21098,7886,0.4082252932516503,0.3737795051663665
20520,21067,8600,21108,7888,0.4082213889020743,0.37369717642599964
20530,21077,8603,21118,7893,0.4081700431750249,0.3737569845629321
20540,21087,8606,21128,7897,0.4081187461469152,0.37376940552820903
20550,21097,8610,21139,7900,0.40811489785277527,0.3737168267183878
20560,21108,8616,21150,7905,0.4081864695849915,0.37375886524822693
20570,21118,8619,21160,7907,0.408135240079553,0.3736767485822306
20580,21128,8623,21171,7913,0.408131389625142,0.37376600066128196
20590,21138,8625,21182,7920,0.40803292648311096,0.37390236993673875
20600,21148,8628,21192,7924,0.4079818422545867,0.37391468478671197
20610,21158,8634,21203,7930,0.408072596653748,0.37400367872470874
20620,21168,8638,21216,7938,0.4080687830687831,0.37415158371040724
20630,21178,8643,21226,7941,0.40811219189725184,0.3741166493922548
20640,21188,8646,21236,7944,0.40806116669813103,0.37408174797513655
20650,21199,8650,21246,7949,0.4080381150054248,0.37414101477925255
20660,21210,8656,21256,7952,0.4081093823668081,0.3741061347384268
20670,21220,8658,21266,7954,0.40801131008482566,0.3740242640835136
20680,21230,8665,21277,7959,0.4081488459726802,0.3740658927480378
20690,21241,8672,21287,7964,0.4082670307424321,0.37412505284915676
20700,21252,8677,21298,7972,0.4082909843779409,0.37430744670861116
20710,21263,8685,21310,7978,0.4084560033861638,0.37437822618488975
20720,21273,8689,21320,7983,0.40845202839279837,0.374437148217636
20730,21283,8692,21330,7987,0.40840107127754544,0.37444913267698077
20740,21295,8696,21340,7991,0.40835876966424045,0.3744611059044049
20750,21305,8701,21350,7994,0.4084017836188688,0.3744262295081967
20760,21315,8705,21360,8001,0.40839784189537887,0.3745786516853933
20770,21325,8710,21370,8006,0.4084407971864009,0.37463734206832006
20780,21335,8713,21380,8011,0.40838996953363016,0.3746959775491113
20790,21346,8722,21390,8015,0.4086011430713014,0.3747078073866293
20800,21356,8725,21400,8018,0.40855029031653867,0.3746728971962617
20810,21367,8729,21411,8021,0.40852716806290074,0.37462052216150576
20820,21377,8737,21421,8025,0.4087102961126444,0.37463237010410344
20830,21387,8740,21432,8028,0.40865946603076636,0.37458006718924974
20840,21397,8745,21442,8032,0.40870215450764125,0.3745919223952989
20850,21407,8746,21452,8036,0.40855794833465686,0.3746037665485736
20860,21417,8753,21462,8040,0.4086940281085119,0.37461559966452335
20870,21427,8757,21472,8046,0.40868997059784384,0.374720566318927
20880,21437,8763,21482,8051,0.408779213509353,0.37477888464761194
20890,21447,8766,21492,8057,0.4087284934955938,0.37488367764749675
20900,21457,8769,21502,8060,0.4086778207577947,0.37484885126964934
20910,21467,8773,21512,8065,0.4086737783574789,0.3749070286351804
20920,21477,8779,21522,8069,0.408762862597197,0.3749186878542886
20930,21487,8783,21532,8072,0.4087587843812538,0.37488389373955044
20940,21497,8786,21542,8078,0.40870819184072193,0.37498839476371737
20950,21507,8787,21552,8082,0.40856465336867065,0.375
20960,21518,8791,21563,8087,0.4085416860303002,0.37504057876918795
20970,21528,8795,21573,8092,0.40853771832032704,0.3750985027580772
20980,21538,8797,21583,8095,0.4084408951620392,0.37506370754760693
20990,21548,8803,21594,8098,0.4085297939483943,0.37501157728998796
21000,21558,8806,21605,8101,0.4084794507839317,0.37495950011571394
21010,21568,8808,21615,8103,0.40838278931750743,0.3748785565579459
21020,21578,8810,21626,8105,0.40828621744369265,0.374780356977712
21030,21588,8813,21636,8108,0.4082360570687419,0.3747457940469588
21040,21599,8816,21646,8114,0.40816704477059124,0.37484985678647326
21050,21609,8822,21657,8121,0.40825581933453653,0.3749826845823521
21060,21619,8825,21668,8124,0.40820574494657474,0.3749307734908621
21070,21629,8829,21678,8129,0.4082019510841925,0.3749884675708091
21080,21639,8832,21689,8136,0.40815194787189796,0.37512102909308864
21090,21650,8837,21699,8139,0.408175519630485,0.3750864095119591
21100,21662,8842,21709,8142,0.40818022343273935,0.37505182182504954
21110,21674,8848,21720,8145,0.40823106025652856,0.375
21120,21684,8852,21730,8148,0.4082272643423723,0.3749654855039116
21130,21694,8858,21740,8152,0.40831566331704616,0.3749770009199632
21140,21704,8863,21750,8160,0.40835790637670477,0.37517241379310345
21150,21714,8868,21761,8162,0.4084001105277701,0.3750746748770737
21160,21724,8870,21772,8167,0.4083041797090775,0.37511482638250965
21170,21734,8873,21783,8174,0.4082543480261342,0.3752467520543543
21180,21744,8876,21793,8176,0.4082045621780721,0.37516633781489467
21190,21754,8884,21803,8180,0.40838466488921576,0.3751777278356189
21200,21764,8887,21813,8185,0.40833486491453774,0.3752349516343465
21210,21774,8893,21823,8187,0.40842288968494533,0.3751546533473858
21220,21784,8897,21833,8191,0.4084190231362468,0.37516603306920715
21230,21794,8900,21844,8192,0.4083692759475085,0.3750228895806629
21240,21805,8906,21854,8197,0.40843843155239623,0.37508007687379885
21250,21816,8913,21864,8200,0.40855335533553355,0.37504573728503476
21260,21826,8916,21874,8204,0.4085036195363328,0.3750571454695072
21270,21836,8924,21884,8209,0.40868290895768455,0.37511423871321514
21280,21848,8928,21894,8211,0.4086415232515562,0.37503425596053713
21290,21858,8933,21904,8216,0.4086833196083814,0.37509130752374
21300,21870,8941,21914,8221,0.408824874256973,0.37514830701834445
21310,21880,8941,21924,8226,0.4086380255941499,0.37520525451559933
21320,21890,8948,21934,8231,0.40877112836911833,0.3752621500866235
21330,21900,8951,21944,8234,0.4087214611872146,0.3752278527160044
21340,21910,8956,21954,8238,0.4087631218621634,0.37523913637605905
21350,21921,8962,21964,8242,0.408831713881666,0.3752504097614278
21360,21931,8964,21974,8246,0.4087364917240436,0.37526167288613815
21370,21941,8967,21984,8249,0.40868693313887244,0.3752274381368268
21380,21951,8973,21994,8251,0.4087740877408774,0.37514776757297447
21390,21962,8979,22004,8253,0.4088425462161916,0.37506816942374116
21400,21972,8983,22014,8257,0.4088385217549609,0.3750794948669029
21410,21982,8987,22024,8261,0.4088345009553271,0.3750908100254268
21420,21993,8991,22035,8267,0.4088118946937662,0.3751758565917858
21430,22003,8995,22046,8271,0.40880788983320454,0.3751700988841513
21440,22013,8996,22056,8273,0.4086676055058375,0.3750906782734857
21450,22023,9000,22067,8278,0.4086636697997548,0.3751302850410115
21460,22034,9003,22077,8283,0.40859580648089316,0.375186846038864
21470,22044,9007,22087,8286,0.4085919070949011,0.37515280481731333
21480,22054,9009,22097,8287,0.408497324748345,0.37502828438249536
21490,22064,9013,22107,8291,0.4084934735315446,0.3750395802234586
21500,22074,9019,22117,8295,0.40858023013500044,0.3750508658497988
21510,22084,9024,22127,8298,0.40862162651693534,0.3750169476205541
21520,22095,9028,22138,8305,0.4085992305951573,0.37514680639624176
21530,22105,9031,22149,8309,0.408550101786926,0.3751410898911915
21540,22115,9035,22159,8313,0.40854623558670583,0.37515230831716234
21550,22126,9042,22169,8318,0.40865949561601733,0.37520862465605126
21560,22136,9046,22180,8324,0.40865558366461874,0.37529305680793507
21570,22146,9050,22190,8330,0.4086516752460941,0.3753943217665615
21580,22157,9055,22200,8334,0.4086744595387462,0.3754054054054054
21590,22167,9060,22210,8337,0.4087156584111517,0.3753714542998649
21600,22177,9064,22221,8341,0.4087117283672273,0.3753656451104811
21610,22187,9070,22232,8347,0.4087979447424167,0.3754498020870817
21620,22197,9074,22243,8351,0.40879398116862636,0.37544395989749585
21630,22207,9080,22253,8354,0.40888008285675687,0.3754100570709567
21640,22218,9084,22265,8358,0.4088576829597624,0.3753873792948574
21650,22228,9087,22275,8362,0.4088087097354688,0.37539842873176205
21660,22239,9090,22285,8365,0.4087414002428167,0.3753645950190711
21670,22249,9094,22296,8368,0.4087374713470268,0.3753139576605669
21680,22260,9098,22307,8374,0.4087151841868823,0.37539785717487784
21690,22270,9100,22317,8380,0.40862146385271664,0.3754984989021822
21700,22280,9105,22328,8383,0.4086624775583483,0.3754478681476173
21710,22290,9108,22339,8389,0.40861372812920593,0.3755315815390125
21720,22300,9110,22349,8395,0.4085201793721973,0.3756320193297239
21730,22310,9116,22360,8399,0.40860600627521293,0.3756261180679785
21740,22320,9119,22370,8405,0.40855734767025087,0.375726419311578
21750,22330,9120,22380,8411,0.4084191670398567,0.3758266309204647
21760,22340,9124,22390,8414,0.40841539838854074,0.3757927646270657
21770,22350,9125,22400,8418,0.4082774049217002,0.3758035714285714
21780,22360,9132,22410,8421,0.40840787119856886,0.37576974564926374
21790,22370,9135,22420,8423,0.4083594099240054,0.3756913470115968
21800,22380,9139,22431,8426,0.40835567470956213,0.37564085417502563
21810,22391,9145,22442,8432,0.40842302710910633,0.3757240887621424
21820,22401,9150,22453,8436,0.4084639078612562,0.3757181668373937
21830,22411,9156,22464,8442,0.40854937307572176,0.37580128205128205
21840,22421,9161,22474,8442,0.40859016100976764,0.37563406603185906
21850,22431,9166,22484,8447,0.40863091257634526,0.37568937911403666
21860,22443,9172,22494,8454,0.4086797665196275,0.3758335556148306
21870,22453,9177,22506,8462,0.40872043824878634,0.37598862525548743
21880,22464,9179,22516,8466,0.40860933048433046,0.37599928939420857
21890,22474,9182,22526,8473,0.4085610038266441,0.37614312350173135
21900,22484,9183,22537,8480,0.4084237680128091,0.3762701335581488
21910,22494,9188,22547,8483,0.40846447941673336,0.3762363063822238
21920,22504,9192,22557,8487,0.40846071809456097,0.37624684133528397
21930,22515,9198,22568,8491,0.4085276482345103,0.3762406947890819
21940,22525,9205,22578,8494,0.40865704772475026,0.37620692709717424
21950,22535,9206,22588,8496,0.40852007987574884,0.3761289180095626
21960,22545,9210,22599,8502,0.4085163007318696,0.3762113367848135
21970,22555,9215,22609,8508,0.40855686100642874,0.3763103188995533
21980,22565,9223,22620,8510,0.40873033458896524,0.3762157382847038
21990,22575,9227,22631,8514,0.4087264673311185,0.37620962396712476
22000,22585,9230,22641,8519,0.4086783263227806,0.37626429928006716
22010,22595,9236,22651,8520,0.4087630006638637,0.37614233367180255
22020,22607,9243,22661,8523,0.4088556641748131,0.37610873306561937
22030,22617,9246,22671,8530,0.4088075341557236,0.37625159895902255
22040,22627,9252,22681,8535,0.4088920316436116,0.3763061593404171
22050,22637,9255,22691,8538,0.40884392808234304,0.3762725309594112
22060,22647,9259,22701,8541,0.4088400229610986,0.3762389322056297
22070,22657,9264,22711,8547,0.4088802577569846,0.37633745761965565
22080,22667,9270,22721,8554,0.4089645740503816,0.3764799084547335
22090,22677,9279,22733,8557,0.4091811086122503,0.3764131438877403
22100,22687,9285,22743,8562,0.40926521796623616,0.3764674845007255
22110,22697,9290,22754,8567,0.4093051945190994,0.37650522984969675
22120,22707,9293,22764,8571,0.40925705729510725,0.37651555086979444
22130,22717,9294,22775,8572,0.409120922657041,0.376377607025247
22140,22727,9297,22785,8576,0.4090729088749065,0.37638797454465656
22150,22737,9302,22795,8579,0.40911289967893744,0.37635446369817943
22160,22747,9304,22805,8582,0.4090209697982152,0.3763209822407367
22170,22757,9307,22816,8586,0.40897306323329086,0.3763148667601683
22180,22767,9312,22826,8590,0.40901304519699566,0.3763252431437834
22190,22777,9316,22836,8596,0.4090090881152039,0.3764231914520932
22200,22788,9321,22846,8599,0.40903106898367564,0.37638973999824915
22210,22798,9322,22857,8602,0.4088955171506273,0.3763398521240758
22220,22808,9326,22868,8605,0.40889161697649945,0.376290012244184
22230,22818,9332,22878,8610,0.40897537032167586,0.3763440860215054
22240,22828,9334,22888,8617,0.40888382687927105,0.3764854945823139
22250,22841,9340,22898,8622,0.4089137953679786,0.3765394357585815
22260,22852,9342,22908,8624,0.40880448100822686,0.37646237122402654
22270,22862,9344,22918,8627,0.40871314845595313,0.37642900776682087
22280,22873,9350,22928,8630,0.4087789096314432,0.37639567341242147
22290,22884,9355,22938,8632,0.4088009089320049,0.3763187723428372
22300,22894,9361,22950,8638,0.40888442386651525,0.37638344226579523
22310,22904,9365,22960,8639,0.40888054488298986,0.3762630662020906
22320,22914,9367,22970,8643,0.4087893864013267,0.3762734000870701
22330,22924,9369,22980,8646,0.4086983074507067,0.3762402088772846
22340,22934,9376,22990,8650,0.408825324845208,0.37625054371465855
22350,22945,9382,23000,8653,0.408890825887993,0.37621739130434784
22360,22955,9387,23010,8655,0.40893051622740145,0.37614080834419816
22370,22965,9390,23020,8658,0.40888308295231873,0.37610773240660295
22380,22976,9395,23030,8663,0.4089049442896936,0.3761615284411637
22390,22986,9399,23040,8666,0.4089010702166536,0.37612847222222223
22400,22996,9401,23050,8670,0.4088102278657158,0.37613882863340564
22410,23006,9406,23060,8673,0.4088498652525428,0.3761058109280139
22420,23016,9407,23070,8679,0.4087156760514425,0.3762028608582575
22430,23026,9413,23080,8683,0.4087987492399896,0.37621317157712303
22440,23036,9415,23091,8688,0.4087081090467095,0.3762504872028063
22450,23047,9421,23101,8694,0.40877337614440057,0.3763473442708108
22460,23057,9424,23111,8700,0.4087262002862471,0.3764441175197958
22470,23068,9431,23121,8703,0.40883474943644876,0.37641105488516935
22480,23079,9436,23131,8708,0.4088565362450713,0.3764644848904068
22490,23089,9442,23141,8711,0.40893932175494824,0.3764314420292986
22500,23099,9446,23151,8714,0.4089354517511581,0.3763984277137057
22510,23109,9450,23161,8718,0.40893158509671557,0.3764086179353223
22520,23119,9452,23171,8719,0.4088412128552273,0.37628932717621166
22530,23129,9456,23181,8721,0.40883739028924726,0.3762132781156982
22540,23140,9462,23191,8726,0.40890233362143474,0.3762666551679531
22550,23150,9467,23201,8728,0.4089416846652268,0.376190681436145
22560,23160,9470,23211,8733,0.40889464594127806,0.3762440222308388
22570,23170,9474,23222,8734,0.40889080707811826,0.3761088622857635
22580,23180,9477,23232,8737,0.40884383088869714,0.37607610192837465
22590,23191,9479,23242,8741,0.4087361476434824,0.3760863953188194
22600,23201,9479,23254,8748,0.4085599758631093,0.3761933430807603
22610,23211,9482,23264,8753,0.4085132049459308,0.3762465612104539
22620,23221,9488,23274,8758,0.40859566771456873,0.3762997336083183
22630,23231,9490,23284,8762,0.408505875769446,0.37630991238618794
22640,23242,9498,23294,8769,0.40865674210481023,0.37644887095389373
22650,23252,9501,23305,8773,0.4086100120419749,0.3764428234284488
22660,23262,9505,23315,8779,0.4086063107213481,0.3765387089856316
22670,23272,9511,23325,8785,0.408688552767274,0.3766345123258307
22680,23282,9515,23336,8791,0.40868482089167596,0.37671408981830645
22690,23292,9520,23347,8795,0.408724025416452,0.376707928213475
22700,23302,9522,23357,8801,0.40863445197837095,0.3768035278503232
22710,23313,9528,23367,8805,0.4086990091365333,0.37681345487225576
22720,23323,9532,23377,8808,0.40869527933799255,0.37678059631261496
22730,23334,9534,23387,8812,0.4085883260478272,0.3767905246504468
22740,23344,9537,23398,8816,0.40854180945853324,0.37678434054192667
22750,23354,9541,23408,8820,0.40853815192258286,0.37679425837320574
22760,23365,9546,23419,8823,0.40855981168414296,0.37674537768478583
22770,23376,9552,23429,8824,0.4086242299794661,0.3766272568184728
22780,23386,9556,23440,8828,0.40862054220473787,0.3766211604095563
22790,23396,9560,23450,8832,0.4086168575824927,0.37663113006396587
22800,23406,9563,23460,8836,0.40857045202084935,0.37664109121909634
22810,23416,9568,23470,8840,0.4086094977792962,0.37665104388581166
22820,23426,9574,23480,8841,0.4086911978143943,0.37653321976149917
22830,23436,9579,23491,8845,0.4087301587301587,0.376527180622366
22840,23446,9584,23502,8849,0.40876908641132814,0.37652114713641394
22850,23456,9586,23512,8852,0.4086800818553888,0.37648860156515823
22860,23466,9592,23524,8856,0.40876161254581095,0.3764665873150825
22870,23476,9595,23535,8862,0.40871528369398535,0.3765455704270236
22880,23486,9600,23545,8868,0.40875415140935023,0.37664047568485876
22890,23496,9604,23555,8873,0.4087504256043582,0.3766928465293993
22900,23506,9611,23566,8875,0.4088743299583085,0.37660188407027073
22910,23516,9616,23576,8878,0.40891308045585983,0.37656939260264677
22920,23526,9618,23587,8883,0.40882427952053046,0.3766057574087421
22930,23536,9623,23598,8888,0.40886301835486066,0.37664208831256885
22940,23548,9629,23608,8890,0.4089094615253949,0.37656726533378515
22950,23558,9632,23618,8894,0.40886323117412343,0.37657718689135405
22960,23569,9638,23628,8899,0.4089269803555518,0.37662942271880817
22970,23581,9644,23639,8904,0.40897332598278274,0.3766656795972757
22980,23591,9651,23650,8911,0.4090966894154551,0.37678646934460885
22990,23601,9653,23660,8916,0.40900809287742046,0.3768385460693153
23000,23611,9659,23670,8921,0.40908898394815973,0.3768905787917195
23010,23621,9660,23681,8923,0.4089581304771178,0.37679996621764283
23020,23631,9666,23691,8927,0.4090389742287673,0.37680975898020347
23030,23641,9670,23701,8931,0.4090351507973436,0.3768195434791781
23040,23652,9675,23711,8935,0.4090563165905632,0.37682931972502215
23050,23662,9679,23722,8940,0.4090524892232271,0.3768653570525251
23060,23673,9684,23732,8944,0.4090736281840071,0.3768751053429968
23070,23683,9687,23743,8949,0.40902757252037325,0.37691108958429853
23080,23693,9690,23753,8954,0.40898155573376105,0.3769629099482171
23090,23703,9699,23764,8959,0.4091887102898367,0.37699882174718063
23100,23713,9707,23774,8961,0.4093535191667018,0.37692437116177335
23110,23723,9711,23784,8966,0.409349576360494,0.37697611839892364
23120,23734,9717,23794,8967,0.40941265694783857,0.3768597125325712
23130,23744,9722,23804,8974,0.40945080862533695,0.37699546294740377
23140,23754,9725,23814,8978,0.4094047318346384,0.37700512303686906
23150,23764,9729,23824,8981,0.40940077428042415,0.37697280053727333
23160,23774,9733,23835,8985,0.40939682005552286,0.37696664568911264
23170,23784,9739,23845,8990,0.40947695930037,0.3770182428182009
23180,23794,9746,23855,8994,0.4095990585861982,0.3770278767553972
23190,23805,9750,23865,8999,0.4095778197857593,0.3770794049863817
23200,23815,9752,23876,9000,0.40948981734201134,0.3769475624057631
23210,23825,9755,23886,9004,0.4094438614900315,0.37695721343046135
23220,23836,9760,23896,9008,0.40946467528108743,0.37696685637763644
23230,23846,9763,23906,9013,0.4094187704436803,0.37701832176022754
23240,23856,9768,23917,9015,0.40945674044265595,0.37692854454990177
23250,23866,9773,23928,9019,0.4094946786223079,0.3769224339685724
23260,23876,9777,23938,9024,0.4094907019601273,0.3769738491102014
23270,23887,9781,23948,9029,0.4094695859672625,0.3770252213128445
23280,23897,9785,23959,9033,0.4094656232999958,0.3770190742518469
23290,23907,9791,23969,9037,0.40954532145396744,0.37702866202177815
23300,23918,9797,23979,9041,0.4096078267413663,0.37703824179490386
23310,23928,9802,23989,9044,0.40964560347709794,0.37700612780857895
23320,23940,9808,23999,9049,0.4096908939014202,0.3770573773907246
23330,23950,9813,24009,9056,0.4097286012526096,0.37719188637594236
23340,23960,9819,24021,9058,0.40980801335559264,0.37708671579035014
23350,23970,9824,24032,9062,0.4098456403838131,0.37708055925432754
23360,23980,9829,24043,9064,0.409883236030025,0.37699122405689806
23370,23990,9836,24053,9069,0.41000416840350146,0.3770423647777824
23380,24000,9839,24063,9073,0.4099583333333333,0.3770519054149524
23390,24011,9843,24073,9077,0.4099371121569281,0.377061438125701
23400,24022,9849,24083,9081,0.409999167429856,0.377070962919902
23410,24032,9854,24093,9087,0.41003661784287615,0.3771634914705516
23420,24042,9859,24105,9092,0.4100740371017386,0.37718315702136485
23430,24052,9865,24115,9097,0.4101530018293697,0.3772340866680489
23440,24062,9868,24125,9099,0.4101072230072313,0.37716062176165804
23450,24072,9872,24135,9104,0.4101030242605517,0.37721151854153717
23460,24083,9876,24145,9109,0.4100818004401445,0.3772623731621454
23470,24095,9878,24155,9113,0.4099605727329321,0.37727178637963155
23480,24105,9883,24165,9118,0.4099979257415474,0.3773225739706187
23490,24116,9887,24175,9121,0.4099767789019738,0.3772905894519131
23500,24126,9894,24186,9126,0.41009699079830886,0.37732572562639544
23510,24139,9901,24196,9130,0.4101661212146319,0.37733509671020005
23520,24149,9904,24206,9134,0.410120501884136,0.37734446005122696
23530,24159,9906,24216,9138,0.4100335278778095,0.3773538156590684
23540,24169,9910,24226,9143,0.4100293764739956,0.37740444150912245
23550,24179,9915,24236,9147,0.4100665867074734,0.3774137646476316
23560,24189,9918,24246,9150,0.41002108396378517,0.3773818361791636
23570,24199,9924,24256,9154,0.4100995908921856,0.3773911609498681
23580,24210,9929,24266,9157,0.410119785212722,0.3773592681117613
23590,24221,9933,24276,9162,0.4100986747037695,0.3774097874443895
23600,24231,9937,24286,9164,0.4100945070364409,0.3773367372148563
23610,24241,9942,24297,9169,0.41013159523121984,0.37737169197843357
23620,24251,9945,24307,9171,0.41008618201311287,0.37729872053317975
23630,24261,9948,24317,9174,0.41004080623222455,0.37726693259859356
23640,24271,9953,24327,9177,0.4100778707099007,0.3772351707978789
23650,24281,9957,24338,9181,0.4100737201927433,0.3772290245706303
23660,24291,9960,24349,9186,0.41002840558231446,0.3772639533451066
23670,24301,9962,24359,9190,0.40994197769639107,0.3772732870807504
23680,24311,9967,24369,9194,0.40997902184196455,0.37728261315605893
23690,24321,9973,24379,9197,0.4100571522552527,0.37725091267074123
23700,24331,9974,24389,9202,0.4099297192881509,0.37730124236336054
23710,24341,9979,24399,9207,0.40996672281336016,0.37735153080044265
23720,24351,9983,24410,9211,0.4099626298714632,0.3773453502662843
23730,24361,9987,24420,9216,0.4099585402898075,0.3773955773955774
23740,24371,9992,24430,9220,0.40999548643880024,0.3774048301268932
23750,24381,9996,24440,9223,0.4099913867355728,0.3773731587561375
23760,24393,10001,24450,9225,0.40999467060222194,0.3773006134969325
23770,24403,10007,24460,9230,0.41007253206572963,0.3773507767784137
23780,24413,10010,24471,9231,0.41002744439438005,0.37722201789873727
23790,24423,10016,24481,9233,0.4101052286778856,0.37714962624075815
23800,24434,10024,24491,9237,0.4102480150609806,0.37715895635131275
23810,24444,10026,24501,9239,0.4101620029455081,0.3770866495245092
23820,24454,10034,24511,9242,0.41032141980862025,0.37705519970625434
23830,24466,10040,24521,9246,0.41036540505190877,0.3770645569104033
23840,24476,10042,24531,9247,0.41027945742768424,0.3769516122457299
23850,24486,10046,24541,9252,0.4102752593318631,0.3770017521698382
23860,24496,10051,24551,9255,0.4103118876551274,0.37697038817156125
23870,24509,10055,24561,9256,0.4102574564445714,0.37685761980375393
23880,24519,10060,24571,9260,0.4102940576695624,0.3768670383785764
23890,24531,10064,24581,9265,0.41025641025641024,0.3769171311175298
23900,24542,10066,24591,9272,0.41015402167712495,0.3770485136838681
23910,24552,10070,24601,9276,0.41014988595633756,0.3770578431771066
23920,24562,10076,24612,9279,0.41022718019705234,0.3770112140419308
23930,24573,10080,24622,9283,0.4102063240141619,0.37702055072699214
23940,24583,10086,24632,9289,0.41028352926819345,0.37711107502435853
23950,24593,10090,24642,9292,0.4102793477818892,0.37707978248518786
23960,24603,10094,24652,9297,0.4102751696947527,0.3771296446535778
23970,24613,10094,24662,9301,0.4101084792589282,0.37713891817370854
23980,24623,10098,24672,9308,0.4101043739593063,0.3772697795071336
23990,24633,10103,24682,9312,0.41014086794137944,0.3772789887367312
24000,24643,10106,24692,9316,0.4100961733555168,0.3772881905070468
24010,24653,10111,24703,9320,0.41013264105788344,0.3772821114844351
24020,24664,10115,24713,9323,0.4101119039896205,0.37725083963905637
24030,24674,10123,24724,9326,0.4102699197535868,0.3772043358679825
24040,24685,10128,24734,9331,0.4102896495847681,0.3772539823724428
24050,24695,10135,24744,9334,0.41040696497266654,0.37722276107339153
24060,24705,10141,24754,9337,0.4104837077514673,0.37719156499959605
24070,24715,10145,24764,9343,0.41047946591138984,0.3772815377160394
24080,24725,10146,24774,9343,0.41035389282103135,0.3771292484055865
24090,24737,10150,24784,9347,0.41031652989449,0.3771384764364106
24100,24747,10156,24794,9352,0.41039317897118843,0.3771880293619424
24110,24757,10160,24804,9353,0.41038898089429254,0.37707627801967425
24120,24767,10164,24814,9355,0.41038478620745344,0.37700491657935037
24130,24777,10166,24825,9356,0.41029987488396497,0.3768781470292044
24140,24787,10171,24835,9358,0.4103360632589664,0.37680692570968394
24150,24798,10175,24845,9365,0.4103153480119364,0.3769370094586436
24160,24808,10180,24855,9372,0.4103514995162851,0.37706698853349424
24170,24818,10183,24865,9378,0.41030703521637524,0.3771566458877941
24180,24828,10185,24875,9384,0.41022232962783955,0.3772462311557789
24190,24838,10188,24885,9388,0.4101779531363234,0.37725537472372916
24200,24848,10189,24895,9395,0.41005312298776564,0.37738501707170113
24210,24860,10194,24905,9399,0.41005631536604986,0.3773940975707689
24220,24870,10198,24916,9403,0.41005227181342985,0.37738802375983305
24230,24880,10201,24926,9407,0.410008038585209,0.3773970954023911
24240,24891,10206,24936,9411,0.4100277208629625,0.37740615976900865
24250,24901,10207,24946,9412,0.4099032167382836,0.3772949571073519
24260,24912,10209,24956,9415,0.4098025048169557,0.3772639846129187
24270,24922,10211,24967,9417,0.4097183211620255,0.37717787479472903
24280,24932,10216,24977,9423,0.40975453232793196,0.37726708571886136
24290,24943,10218,24987,9426,0.40965401114541156,0.37723616280465844
24300,24953,10223,24997,9428,0.4096902176091051,0.37716525983117977
24310,24963,10227,25009,9436,0.4096863357769499,0.3773041704986205
24320,24973,10231,25020,9440,0.4096824570536179,0.37729816147082335
24330,24983,10235,25031,9445,0.40967858143537605,0.37733210818584956
24340,24994,10240,25041,9448,0.4096983275986237,0.37730122598937743
24350,25005,10249,25051,9454,0.409878024395121,0.37739012414674067
24360,25015,10253,25061,9456,0.4098740755546672,0.37731934080842744
24370,25025,10256,25071,9460,0.40983016983016984,0.37732838737984126
24380,25035,10264,25081,9464,0.40998601957259834,0.3773374267373709
24390,25045,10265,25091,9466,0.40986224795368337,0.377266749033518
24400,25056,10270,25101,9468,0.40988186462324394,0.377196127644317
24410,25066,10276,25112,9472,0.40995771164126704,0.3771901879579484
24420,25076,10281,25122,9474,0.409993619397033,0.3771196560783377
24430,25087,10285,25132,9479,0.40997329294056684,0.3771685500557059
24440,25097,10290,25143,9483,0.41000916444196517,0.3771626297577855
24450,25107,10294,25153,9485,0.4100051778388497,0.3770921957619369
24460,25117,10298,25163,9489,0.4100011944101605,0.37710129952708343
24470,25127,10304,25173,9491,0.4100768098061846,0.37703094585468555
24480,25137,10308,25183,9494,0.4100728010502447,0.3770003573839495
24490,25147,10315,25193,9500,0.41018809400723744,0.37708887389354184
24500,25157,10320,25203,9504,0.4102237945700998,0.3770979645280324
24510,25167,10321,25214,9513,0.4101005284698216,0.3772903942254303
24520,25177,10323,25224,9517,0.4100170790801128,0.37729939739930224
24530,25187,10326,25234,9523,0.40997339897566204,0.37738765158119997
24540,25197,10330,25244,9528,0.4099694408064452,0.37743622246870545
24550,25207,10332,25255,9532,0.4098861427381283,0.37743021183923975
24560,25217,10334,25266,9538,0.4098029107348217,0.3775033642048603
24570,25227,10339,25276,9542,0.40983866492250365,0.3775122645988289
24580,25238,10349,25286,9546,0.41005626436326176,0.3775211579530175
24590,25248,10357,25296,9552,0.41021070975918883,0.3776091081593928
24600,25259,10360,25306,9557,0.41015083732530977,0.37765747253615745
24610,25269,10366,25317,9560,0.4102259685780996,0.3776118813445511
24620,25281,10373,25327,9562,0.41030813654523157,0.3775417538595175
24630,25291,10375,25338,9567,0.41022498121861534,0.37757518351882546
24640,25301,10379,25349,9570,0.41022093988379904,0.3775296855891751
24650,25311,10383,25359,9573,0.41021690174232545,0.3774991127410387
24660,25321,10389,25369,9579,0.41029185261245604,0.3775868185580827
24670,25331,10391,25380,9585,0.4102088350242786,0.3776595744680851
24680,25341,10399,25390,9588,0.4103626534075214,0.37762898779046866
24690,25351,10406,25400,9591,0.4104769042641316,0.3775984251968504
24700,25361,10409,25412,9596,0.41043334253381175,0.3776168739178341
24710,25372,10416,25422,9600,0.41053129434021757,0.37762567854614115
24720,25382,10421,25432,9603,0.41056654321960445,0.37759515570934254
24730,25392,10424,25442,9607,0.4105229993698803,0.3776039619526767
24740,25402,10427,25453,9608,0.41047948980395244,0.37748006128943545
24750,25412,10432,25463,9612,0.41051471745631984,0.377488905470683
24760,25422,10434,25473,9616,0.41043190936983714,0.3774977427079653
24770,25433,10437,25483,9620,0.41037235088271146,0.3775065730094573
24780,25444,10441,25494,9627,0.41035214588901114,0.37761826312073427
24790,25454,10446,25504,9629,0.4103873654435452,0.3775486198243413
24800,25464,10448,25515,9634,0.4103047439522463,0.37758181461885165
24810,25474,10454,25525,9637,0.4103792101750805,0.3775514201762977
24820,25485,10460,25535,9641,0.41043751226211495,0.37756021147444685
24830,25495,10463,25545,9647,0.41039419494018436,0.37764728909767076
24840,25505,10471,25555,9651,0.41054695157812193,0.3776560360007826
24850,25516,10479,25565,9655,0.4106834927104562,0.37766477606102095
24860,25526,10483,25575,9662,0.4106793073728747,0.37779081133919845
24870,25536,10486,25585,9665,0.4106359649122807,0.37776040648817666
24880,25546,10489,25595,9667,0.41059265638456116,0.37769095526470015
24890,25557,10497,25605,9668,0.410728958797981,0.3775825034173013
24900,25568,10502,25615,9671,0.41074780976220276,0.3775522154987312
24910,25578,10507,25625,9676,0.4107827038861522,0.3776
24920,25588,10509,25635,9683,0.4107003282788807,0.3777257655549054
24930,25598,10513,25646,9684,0.4106961481365732,0.3776027450674569
24940,25608,10518,25656,9689,0.4107310215557638,0.3776504521359526
24950,25618,10522,25666,9689,0.41072683269576077,0.3775033117743318
24960,25628,10527,25676,9695,0.41076166692679883,0.3775899672846238
24970,25638,10532,25688,9697,0.4107964739839301,0.37749143568981625
24980,25648,10535,25699,9700,0.4107532751091703,0.3774465932526557
24990,25658,10539,25709,9707,0.4107490841063216,0.3775720564782761
25000,25668,10542,25719,9710,0.4107059373539037,0.37754189509700997
25010,25678,10548,25730,9713,0.41077965573642805,0.37749708511465213
25020,25689,10553,25741,9716,0.41079839620070846,0.3774523134299367
25030,25699,10558,25751,9721,0.41083310634655046,0.37749990291639157
25040,25710,10565,25761,9726,0.41092959937767404,0.3775474554559217
25050,25720,10570,25771,9730,0.4109642301710731,0.37755616778549533
25060,25730,10574,25781,9735,0.4109599689078896,0.37760366161126413
25070,25740,10580,25791,9738,0.411033411033411,0.3775735721763406
25080,25750,10583,25801,9744,0.41099029126213593,0.3776597806286578
25090,25760,10588,25811,9747,0.4110248447204969,0.37762969276664987
25100,25770,10592,25821,9751,0.4110205665502522,0.3776383563765927
25110,25780,10598,25831,9755,0.41109387121799845,0.3776470132786187
25120,25791,10601,25841,9758,0.41103485712070104,0.37761696528772104
25130,25801,10605,25851,9763,0.4110305802100694,0.37766430699005843
25140,25811,10609,25861,9769,0.4110263066134594,0.3777502803449209
25150,25822,10614,25871,9774,0.41104484548059794,0.3777975339182869
25160,25832,10617,25881,9777,0.4110018581604212,0.37776747420887913
25170,25843,10624,25891,9782,0.41109778276515885,0.37781468463945
25180,25853,10628,25901,9786,0.4110934901172011,0.37782325006756495
25190,25864,10634,25911,9790,0.41115063408598823,0.37783180888425766
25200,25874,10642,25921,9793,0.41130091984231276,0.37780178233864437
25210,25884,10649,25931,9796,0.41141245557100914,0.3777717789518337
25220,25894,10653,25941,9801,0.4114080481964934,0.3778188967271886
25230,25904,10657,25951,9805,0.41140364422483017,0.3778274440291318
25240,25914,10662,25961,9807,0.411437832831674,0.3777589461114749
25250,25924,10666,25971,9810,0.41143342076839995,0.3777290054291325
25260,25934,10671,25981,9815,0.41146757152772423,0.37777606712597667
25270,25944,10673,25991,9818,0.41138606228800495,0.3777461428956177
25280,25954,10678,26001,9822,0.41142020497803805,0.3777547017422407
25290,25964,10680,26012,9824,0.41133877676783237,0.3776718437644164
25300,25975,10685,26025,9829,0.4113570741097209,0.3776753121998079
25310,25985,10687,26035,9830,0.4112757360015393,0.37756865757633956
25320,25996,10693,26046,9834,0.41133251269426063,0.37756277355448054
25330,26006,10698,26056,9838,0.41136660770591404,0.3775713847098557
25340,26016,10702,26067,9845,0.41136223862238624,0.3776805923197913
25350,26027,10707,26077,9848,0.4113804894916817,0.3776508033899605
25360,26037,10713,26087,9851,0.4114529323654799,0.3776210372982712
25370,26048,10715,26097,9854,0.4113559582309582,0.3775912940184696
25380,26058,10718,26107,9860,0.4113132243456904,0.37767648523384534
25390,26069,10721,26117,9865,0.4112547470175304,0.37772332197419306
25400,26079,10727,26128,9871,0.4113271214387055,0.3777939375382731
25410,26089,10732,26138,9872,0.4113611100463797,0.3776876578162063
25420,26100,10738,26148,9875,0.4114176245210728,0.37765794707052164
25430,26110,10739,26158,9882,0.41129835312140944,0.37778117593088156
25440,26120,10742,26168,9886,0.41125574272588056,0.3777896667685723
25450,26130,10747,26179,9894,0.41128970531955605,0.3779365139997708
25460,26140,10748,26190,9899,0.4111706197398623,0.3779686903398244
25470,26150,10754,26200,9903,0.4112428298279159,0.37797709923664125
25480,26160,10756,26211,9909,0.4111620795107034,0.37804738468581894
25490,26171,10762,26222,9914,0.41121852432081313,0.37807947524979024
25500,26181,10767,26232,9917,0.4112524349719262,0.37804971027752365
25510,26191,10774,26244,9921,0.41136268183727237,0.37802926383173296
25520,26203,10778,26255,9926,0.41132694729611113,0.3780613216530185
25530,26213,10782,26265,9929,0.4113226261778507,0.3780316009899105
25540,26224,10785,26275,9932,0.411264490543014,0.3780019029495718
25550,26235,10793,26285,9938,0.4113969887554793,0.3780863610424196
25560,26246,10796,26295,9942,0.41133887068505676,0.378094694808899
25570,26256,10803,26305,9945,0.4114488117001828,0.37806500665272763
25580,26266,10807,26315,9947,0.41144445290489606,0.37799733992019763
25590,26277,10812,26326,9953,0.41146249571868937,0.3780673098837651
25600,26287,10813,26336,9955,0.41134401034732,0.3779996962332928
25610,26297,10817,26346,9959,0.4113396965433319,0.37800804676231686
25620,26307,10823,26356,9960,0.4114114114114114,0.37790256488086205
25630,26317,10827,26367,9966,0.41140707527453735,0.37797246558197745
25640,26328,10835,26378,9969,0.4115390458827104,0.37792857684434
25650,26341,10842,26388,9972,0.4116016855852094,0.37789904502046384
25660,26351,10843,26398,9976,0.4114834351637509,0.3779074172285779
25670,26362,10850,26408,9980,0.4115772703133298,0.3779157830960315
25680,26372,10858,26418,9985,0.41172455634764143,0.3779619956090544
25690,26382,10863,26428,9988,0.41175801682965657,0.37793249583774785
25700,26392,10867,26438,9991,0.4117535616853592,0.3779030183826311
25710,26402,10871,26449,9994,0.41174910991591546,0.377859276343151
25720,26414,10876,26460,9997,0.4117513439842508,0.37781557067271354
25730,26424,10882,26470,9999,0.4118225855283076,0.3777483944087646
25740,26434,10886,26480,10001,0.4118181130362412,0.37768126888217524
25750,26444,10891,26490,10006,0.41185145968839815,0.37772744431861077
25760,26455,10895,26500,10012,0.4118314118314118,0.37781132075471696
25770,26465,10901,26510,10015,0.41190251275269224,0.3777819690682761
25780,26475,10903,26520,10020,0.41182247403210576,0.3778280542986425
25790,26485,10907,26531,10023,0.4118180101944497,0.3777844785345445
25800,26495,10909,26541,10030,0.41173806378561995,0.37790588146641046
25810,26505,10911,26551,10032,0.4116581777023203,0.377838876125193
25820,26515,10915,26562,10035,0.4116537808787479,0.37779534673593856
25830,26525,10917,26572,10040,0.41157398680490104,0.37784133674544634
25840,26536,10921,26583,10043,0.41155411516430507,0.37779784072527556
25850,26548,10926,26594,10046,0.41155642609612775,0.3777543806873731
25860,26558,10931,26606,10050,0.41158972814217937,0.37773434563632263
25870,26568,10935,26617,10052,0.4115853658536585,0.3776533794191682
25880,26578,10939,26627,10058,0.4115810068477688,0.3777368836143764
25890,26588,10941,26638,10061,0.41150142921618776,0.37769352053457467
25900,26598,10946,26648,10064,0.4115347018572825,0.37766436505553885
25910,26608,10951,26660,10069,0.41156794948887554,0.37768192048012
25920,26619,10955,26670,10070,0.41154814230436904,0.3775778027746532
25930,26629,10959,26680,10075,0.41154380562544596,0.37762368815592207
25940,26639,10963,26690,10079,0.41153947220241,0.37763207193705506
25950,26649,10964,26701,10082,0.41142256745093625,0.3775888543500243
25960,26659,10967,26712,10088,0.41138077197194195,0.3776579814315663
25970,26669,10971,26722,10093,0.41137650455585134,0.3777037646882718
25980,26680,10976,26732,10097,0.4113943028485757,0.3777121053419123
25990,26690,10979,26742,10101,0.41135256650430874,0.37772043975768455
26000,26700,10983,26752,10107,0.4113483146067416,0.377803528708134
26010,26710,10988,26762,10109,0.4113815050542868,0.37773708990359467
26020,26720,10992,26773,10111,0.411377245508982,0.3776565943301087
26030,26730,10996,26783,10117,0.4113729891507669,0.3777396109472427
26040,26741,11002,26793,10118,0.4114281440484649,0.37763594968835146
26050,26751,11006,26803,10119,0.41142387200478486,0.37753236577995003
26060,26761,11011,26813,10122,0.41145697096521056,0.3775034498191176
26070,26772,11016,26823,10127,0.41147467503361723,0.3775491182940014
26080,26782,11017,26833,10133,0.4113583750280039,0.37763202027354376
26090,26792,11022,26843,10138,0.41139146013735445,0.37767760682487056
26100,26802,11025,26853,10143,0.41134989926124915,0.3777231594235281
26110,26813,11029,26863,10147,0.4113303248424272,0.37773145218330045
26120,26826,11037,26873,10150,0.41142921046745695,0.37770252669966137
26130,26836,11040,26885,10152,0.41138768818005667,0.37760833178352243
26140,26847,11043,26895,10155,0.4113308749580959,0.3775794757389849
26150,26857,11047,26905,10158,0.411326655992851,0.3775506411447686
26160,26868,11056,26915,10164,0.4114932261426232,0.3776332899869961
26170,26878,11058,26925,10169,0.41141453977230447,0.3776787372330548
26180,26888,11062,26935,10172,0.4114102945551919,0.37764989790235753
26190,26898,11064,26945,10174,0.41133169752397947,0.37758396734087957
26200,26909,11068,26955,10179,0.41131220037905536,0.37762938230383974
26210,26919,11071,26965,10182,0.4112708495857944,0.37760059336176527
26220,26930,11078,26976,10189,0.41136279242480506,0.37770610913404506
26230,26940,11083,26987,10195,0.41139569413511506,0.37777448401082003
26240,26950,11088,26997,10200,0.4114285714285714,0.3778197577508612
26250,26960,11094,27007,10207,0.4114985163204748,0.37793905283815304
26260,26970,11098,27017,10213,0.4114942528735632,0.3780212458822223
26270,26980,11100,27027,10217,0.41141586360266863,0.378029378029378
26280,26990,11102,27037,10220,0.4113375324194146,0.3780005178089285
26290,27001,11107,27047,10221,0.4113551349950002,0.37789773357488815
26300,27011,11111,27057,10223,0.41135093110214355,0.3778319843293787
26310,27021,11114,27067,10227,0.4113097220680212,0.3778401743820889
26320,27031,11120,27077,10233,0.4113795272095002,0.37792222181186985
26330,27041,11125,27087,10236,0.4114122998409822,0.37789345442463174
26340,27052,11128,27097,10237,0.411355907141801,0.3777908993615529
26350,27062,11134,27108,10244,0.4114256152538615,0.37789582411096356
26360,27072,11140,27118,10249,0.4114952718676123,0.3779408510952135
26370,27084,11143,27128,10253,0.411423718800768,0.3779489826010027
26380,27094,11146,27138,10258,0.4113825939322359,0.3779939568133245
26390,27104,11150,27148,10264,0.41137839433293977,0.37807573301900693
26400,27114,11155,27158,10271,0.41141107914730396,0.3781942705648428
26410,27125,11161,27168,10275,0.4114654377880184,0.378202296819788
26420,27135,11164,27179,10280,0.4114243596830662,0.3782331947459436
26430,27146,11168,27189,10283,0.4114049952110808,0.37820442090551326
26440,27156,11171,27199,10286,0.41136397112976875,0.37817566822309645
26450,27170,11179,27211,10290,0.41144644828855353,0.37815589283745543
26460,27180,11183,27221,10293,0.4114422369389257,0.3781271812203813
26470,27190,11189,27231,10298,0.4115115851415962,0.37817193639601926
26480,27200,11194,27241,10302,0.41154411764705884,0.3781799493410668
26490,27210,11197,27252,10306,0.41150312385152515,0.37817407896668137
26500,27220,11202,27262,10308,0.4115356355620867,0.3781087227642873
26510,27230,11206,27272,10313,0.41153139919206755,0.3781534174244647
26520,27240,11211,27283,10317,0.41156387665198235,0.37814756441740277
26530,27250,11217,27293,10319,0.4116330275229358,0.37808229216282563
26540,27260,11223,27304,10323,0.4117021276595745,0.3780764723117492
26550,27270,11226,27314,10327,0.4116611661166117,0.37808449879182837
26560,27280,11228,27324,10333,0.41158357771260995,0.37816571512223685
26570,27290,11230,27334,10338,0.41150604617075853,0.3782102875539621
26580,27301,11236,27344,10342,0.41156001611662574,0.3782182562902282
26590,27312,11239,27354,10345,0.41150410076157,0.3781896614754698
26600,27322,11243,27365,10346,0.41149989019837496,0.3780741823497168
26610,27334,11249,27375,10352,0.4115387429574888,0.3781552511415525
26620,27344,11253,27386,10353,0.41153452311293154,0.3780398743883736
26630,27355,11261,27396,10355,0.4116614878450009,0.37797488684479486
26640,27366,11265,27406,10359,0.4116421837316378,0.3779829234474203
26650,27377,11272,27416,10361,0.41173247616612485,0.3779180040852057
26660,27388,11275,27426,10366,0.4116766467065868,0.377962517319332
26670,27398,11277,27436,10370,0.41159938681655595,0.3779705496428051
26680,27408,11281,27446,10372,0.41159515469935787,0.3779057057494717
26690,27419,11284,27456,10373,0.41153944345162113,0.37780448717948717
26700,27429,11289,27466,10376,0.41157169419227824,0.37777615961552463
26710,27440,11293,27476,10382,0.4115524781341108,0.3778570388702868
26720,27450,11297,27486,10387,0.41154826958105645,0.3779014771156225
26730,27461,11304,27496,10390,0.41163832344051565,0.3778731451847541
26740,27471,11308,27506,10394,0.4116340868552292,0.37788118955864175
26750,27481,11310,27516,10399,0.41155707579782397,0.3779255705771188
26760,27492,11314,27526,10405,0.4115379019351084,0.3780062486376517
26770,27502,11319,27536,10407,0.411570067631445,0.37794160371876817
26780,27512,11322,27546,10410,0.4115295143937191,0.3779133086473535
26790,27522,11327,27556,10410,0.4115616597630986,0.37777616490056615
26800,27533,11329,27567,10415,0.41146987251661643,0.37780679798309574
26810,27543,11332,27578,10416,0.4114294012997858,0.37769236347813473
26820,27553,11334,27588,10422,0.4113526657714224,0.3777729447585907
26830,27563,11336,27599,10426,0.41127598592315784,0.37776731040979744
26840,27573,11341,27609,10430,0.4113081637834113,0.3777753631062335
26850,27583,11344,27619,10433,0.4112678098828989,0.377747203012419
26860,27594,11350,27629,10437,0.4113213017322606,0.3777552571573347
26870,27604,11352,27639,10441,0.41124474713809595,0.3777633054741488
26880,27614,11355,27649,10443,0.4112044615050337,0.377699012622518
26890,27624,11358,27659,10446,0.41116420503909645,0.377670920857587
26900,27634,11363,27669,10453,0.4111963523196063,0.3777874155191731
26910,27644,11368,27679,10455,0.4112284763420634,0.37772318364102747
26920,27654,11372,27689,10461,0.41122441599768567,0.37780345985770525
26930,27664,11379,27699,10465,0.4113288027761712,0.37781147333838766
26940,27674,11383,27709,10470,0.4113247091132471,0.37785557039229134
26950,27684,11387,27719,10473,0.41132061840774453,0.37782748295393054
26960,27694,11394,27729,10476,0.4114248573698274,0.3777994157740993
26970,27704,11398,27740,10479,0.41142073346809127,0.3777577505407354
26980,27714,11401,27750,10481,0.41138052969618244,0.3776936936936937
26990,27725,11405,27760,10486,0.4113615870153291,0.3777377521613833
27000,27735,11405,27770,10490,0.4112132684333874,0.3777457688152683
27010,27745,11407,27780,10494,0.4111371418273563,0.3777537796976242
27020,27756,11414,27790,10499,0.41122640149877504,0.3777977689816481
27030,27766,11417,27800,10506,0.411186343009436,0.3779136690647482
27040,27776,11422,27810,10509,0.41121831797235026,0.3778856526429342
27050,27786,11426,27820,10512,0.4112142805729504,0.37785765636232926
27060,27796,11430,27831,10516,0.4112102460785725,0.37785203549998203
27070,27807,11437,27841,10521,0.41129931312259504,0.37789590891131786
27080,27818,11440,27852,10525,0.41124451793802574,0.37789027717937673
27090,27829,11446,27862,10532,0.41129756728592476,0.37800588615318353
27100,27839,11448,27872,10535,0.4112216674449513,0.3779778989667049
27110,27849,11453,27882,10540,0.41125354590829116,0.37802166272146903
27120,27859,11457,27892,10541,0.4112495064431602,0.3779219847985085
27130,27869,11460,27902,10543,0.4112095877139474,0.37785821804888536
27140,27879,11465,27912,10548,0.41124143620646364,0.37790197764402406
27150,27889,11467,27922,10551,0.4111656925669619,0.37787407778812404
27160,27899,11470,27932,10557,0.41112584680454495,0.3779536016038952
27170,27909,11478,27942,10559,0.41126518327421263,0.3778899148235631
27180,27919,11481,27952,10561,0.411225330420144,0.3778262736119061
27190,27930,11486,27962,10568,0.4112423916935195,0.3779414920248909
27200,27941,11493,27973,10570,0.41133101893275115,0.37786436921316985
27210,27951,11497,27983,10577,0.4113269650459733,0.3779794875460101
27220,27962,11507,27993,10583,0.4115227809169587,0.37805880041438933
27230,27973,11514,28003,10587,0.41161119651092126,0.3780666357176017
27240,27983,11518,28014,10592,0.411607047135761,0.37809666595273794
27250,27993,11525,28025,10597,0.41171007037473656,0.3781266726137377
27260,28003,11528,28035,10604,0.41167017819519336,0.3782414838594614
27270,28013,11531,28045,10608,0.41163031449684073,0.3782492422891781
27280,28023,11533,28055,10610,0.41155479427613034,0.3781857066476564
27290,28034,11538,28065,10615,0.41157166298066633,0.3782291109923392
27300,28044,11543,28075,10621,0.4116031949793182,0.37830810329474623
27310,28054,11548,28086,10627,0.41163470449846723,0.3783735669016592
27320,28064,11553,28096,10631,0.4116661915621437,0.37838126423690205
27330,28074,11558,28106,10635,0.4116976561943435,0.378388956094784
27340,28084,11562,28116,10640,0.4116934909557043,0.3784322094181249
27350,28094,11563,28126,10643,0.4115825443155122,0.3784043234018346
27360,28104,11565,28137,10648,0.4115072587532024,0.3784340903436756
27370,28114,11571,28147,10653,0.41157430461691685,0.3784772799943156
27380,28125,11576,28157,10658,0.41159111111111113,0.37852043896721954
27390,28136,11579,28167,10661,0.41153682115439294,0.3784925622181986
27400,28147,11583,28177,10665,0.4115181013962412,0.3785001951946623
27410,28157,11586,28187,10668,0.4114784955783642,0.37847234540745733
27420,28168,11593,28197,10672,0.41156631638738994,0.37847998013973116
27430,28178,11598,28207,10674,0.4115977003335936,0.3784167050732088
27440,28188,11603,28217,10679,0.4116290620122038,0.37845979374136157
27450,28198,11607,28227,10683,0.4116249379388609,0.3784674248060368
27460,28208,11613,28237,10686,0.41169171866137266,0.37843963593866203
27470,28218,11617,28247,10688,0.41168757530654193,0.37837646475731934
27480,28228,11622,28257,10689,0.4117188607056823,0.37827794882683935
27490,28238,11629,28268,10691,0.4118209504922445,0.3782014999292486
27500,28248,11634,28278,10694,0.41185216652506373,0.3781738453921777
27510,28258,11639,28288,10698,0.4118833604642933,0.37818156108597284
27520,28268,11642,28298,10702,0.4118437809537286,0.3781892713265955
27530,28278,11644,28308,10705,0.41176886625645376,0.3781616504168433
27540,28289,11647,28318,10709,0.411714800805967,0.3781693622430963
27550,28299,11652,28329,10714,0.41174599809180534,0.3781990186734442
27560,28309,11656,28340,10718,0.411741848881981,0.37819336626676076
27570,28319,11661,28350,10722,0.4117730145838483,0.3782010582010582
27580,28329,11664,28360,10726,0.41173355925023825,0.37820874471086036
27590,28340,11667,28371,10732,0.41167960479887084,0.3782735892284375
27600,28350,11668,28381,10736,0.41156966490299823,0.3782812444945562
27610,28360,11672,28391,10741,0.41156558533145277,0.3783241167975767
27620,28370,11675,28403,10746,0.41152626013394433,0.3783403161637855
27630,28380,11677,28413,10750,0.41145172656800566,0.3783479393235491
27640,28390,11683,28423,10753,0.4115181401902078,0.3783203743447208
27650,28400,11688,28433,10756,0.4115492957746479,0.3782928287553195
27660,28410,11690,28443,10758,0.41147483280535024,0.37823014449952536
27670,28420,11694,28453,10763,0.4114707952146376,0.378272941341862
27680,28430,11699,28463,10766,0.411501934576152,0.3782454414503039
27690,28441,11706,28475,10773,0.4115889033437643,0.3783318700614574
27700,28451,11712,28485,10779,0.41165512635759727,0.3784096893101632
27710,28461,11713,28495,10782,0.41154562383612664,0.37838217231093174
27720,28471,11718,28505,10784,0.4115766920726353,0.3783195930538502
27730,28481,11721,28515,10792,0.4115375162388961,0.3784674732596879
27740,28491,11725,28527,10797,0.4115334667087852,0.3784835419076664
27750,28501,11730,28538,10801,0.41156450650854354,0.3784778190482865
27760,28512,11734,28548,10805,0.4115460157126824,0.3784853579935547
27770,28522,11739,28558,10812,0.41157702825888787,0.37859794103228517
27780,28532,11742,28568,10816,0.4115379223328193,0.3786054326519182
27790,28542,11745,28578,10821,0.4114988438091234,0.3786479109804745
27800,28552,11749,28588,10825,0.41149481647520314,0.3786553798796698
27810,28562,11752,28599,10830,0.4114557804075345,0.37868456939053813
27820,28572,11754,28610,10833,0.4113817723645527,0.3786438308283817
27830,28582,11754,28620,10838,0.4112378419984606,0.37868623340321456
27840,28592,11758,28630,10841,0.41123391158365974,0.378658749563395
27850,28603,11763,28640,10845,0.41125056812222494,0.3786662011173184
27860,28613,11767,28650,10850,0.41124663614440987,0.3787085514834206
27870,28623,11774,28660,10855,0.41134751773049644,0.3787508722958828
27880,28633,11778,28670,10859,0.41134355463975136,0.37875828392047434
27890,28643,11782,28680,10862,0.41133959431623784,0.3787308228730823
27900,28653,11786,28690,10865,0.4113356367570586,0.37870338096897876
27910,28664,11792,28700,10867,0.4113871057772816,0.3786411149825784
27920,28674,11796,28710,10872,0.41138313454697634,0.3786833855799373
27930,28684,11801,28720,10878,0.4114140287268163,0.37876044568245126
27940,28694,11803,28731,10881,0.4113403498989336,0.3787198496397619
27950,28704,11810,28741,10885,0.41144091415830547,0.3787272537489997
27960,28714,11815,28751,10888,0.41147175593787005,0.37869987130882404
27970,28724,11818,28762,10891,0.4114329480573736,0.37865934218760866
27980,28734,11821,28772,10895,0.4113941671886963,0.37866675934936744
27990,28745,11823,28782,10897,0.41130631414158986,0.37860468348273224
28000,28756,11829,28792,10901,0.4113576297120601,0.3786121144762434
28010,28767,11835,28802,10902,0.4114089060381687,0.378515380876328
28020,28778,11837,28812,10907,0.4113211480992425,0.37855754546716647
28030,28788,11843,28823,10913,0.411386688898152,0.37862123998195885
28040,28798,11846,28833,10917,0.41134801027849155,0.37862865466652795
28050,28808,11847,28843,10923,0.4112399333518467,0.37870540512429357
28060,28818,11851,28853,10925,0.41123603303490874,0.3786434686167816
28070,28828,11853,28863,10929,0.41116275842930483,0.3786508678931504
28080,28838,11857,28873,10930,0.41115888757888897,0.37855435874346277
28090,28848,11859,28883,10931,0.411085690515807,0.37845791642142435
28100,28858,11864,28893,10932,0.41111650149005474,0.37836154085764717
28110,28868,11868,28903,10938,0.41111265068588054,0.378438224405771
28120,28878,11872,28916,10941,0.41110880254865295,0.3783718356619173
28130,28889,11875,28926,10942,0.41105611132264874,0.3782755998064025
28140,28899,11879,28936,10943,0.41105228554621265,0.37817943046723806
28150,28910,11882,28947,10948,0.4109996540989277,0.37820844992572633
28160,28921,11888,28957,10951,0.4110507935410255,0.3781814414476638
28170,28931,11889,28968,10956,0.4109432788358508,0.37821043910521956
28180,28941,11893,28978,10959,0.4109394975985626,0.378183449513424
28190,28951,11898,28989,10964,0.41097026009464266,0.37821242540273897
28200,28961,11900,29000,10970,0.4108974137633369,0.3782758620689655
28210,28971,11905,29011,10973,0.4109281695488592,0.37823584157733275
28220,28981,11907,29022,10977,0.410855388012836,0.3782303080421749
28230,28991,11910,29034,10982,0.41081715015004655,0.37824619411724186
28240,29001,11914,29044,10987,0.4108134202268887,0.37828811458476796
28250,29011,11916,29054,10990,0.41074075350729033,0.37826116885798855
28260,29021,11918,29064,10993,0.4106681368664071,0.378234241673548
28270,29031,11923,29074,10996,0.4106989080637939,0.3782073330123134
28280,29041,11925,29084,10997,0.410626355841741,0.37811167652317423
28290,29051,11927,29095,11003,0.4105538535678634,0.37817494414847913
28300,29062,11928,29106,11008,0.41043286766223935,0.37820380677523535
28310,29072,11932,29116,11017,0.4104292790313704,0.3783830196455557
28320,29082,11936,29127,11020,0.41042569286844094,0.37834311806914545
28330,29092,11938,29137,11023,0.41035336174893444,0.37831623022274086
28340,29103,11943,29148,11029,0.4103700649417586,0.37837930561273503
28350,29113,11945,29158,11030,0.41029780510424896,0.3782838329103505
28360,29123,11947,29169,11035,0.41022559489063626,0.3783125921354863
28370,29134,11951,29179,11037,0.41020800439349214,0.37825148223037114
28380,29144,11956,29189,11043,0.4102388141641504,0.37832745212237484
28390,29154,11959,29200,11046,0.4102010015778281,0.3782876712328767
28400,29164,11964,29210,11049,0.41023179262103965,0.3782608695652174
28410,29174,11967,29220,11053,0.4101940083636114,0.37826830937713896
28420,29184,11970,29230,11057,0.41015625,0.37827574409852893
28430,29194,11975,29240,11060,0.41018702473110913,0.37824897400820795
28440,29204,11978,29251,11066,0.41014929461717575,0.37831185258623634
28450,29214,11981,29261,11068,0.4101115903334018,0.37825091418611806
28460,29225,11984,29272,11072,0.41005988023952095,0.3782454222465154
28470,29236,11989,29282,11078,0.41007661786838145,0.37832115292671264
28480,29246,11993,29293,11083,0.4100731723996444,0.37834977639709144
28490,29256,11997,29303,11087,0.41006972928630026,0.3783571647954134
28500,29267,12002,29313,11088,0.4100864454846756,0.37826220448265274
28510,29278,12005,29323,11093,0.410034838445249,0.3783037206288579
28520,29288,12009,29333,11096,0.4100314121824638,0.37827702587529405
28530,29299,12012,29344,11101,0.409979862793952,0.37830561613958563
28540,29309,12016,29354,11104,0.4099764577433553,0.3782789398378415
28550,29319,12022,29364,11108,0.41004127016610387,0.3782863370113064
28560,29330,12028,29374,11111,0.41009205591544495,0.37825968543609995
28570,29340,12033,29386,11115,0.4101226993865031,0.37824133941332605
28580,29350,12037,29396,11121,0.41011925042589437,0.378316777792897
28590,29361,12040,29406,11123,0.4100677769830728,0.3782561382030878
28600,29373,12047,29416,11128,0.41013856262554044,0.3782975251563775
28610,29383,12050,29426,11133,0.4101010788551203,0.3783388839801536
28620,29393,12052,29436,11138,0.4100295988840881,0.37838021470308464
28630,29403,12057,29446,11141,0.4100601979389858,0.37835359641377436
28640,29413,12061,29456,11146,0.41005677761534015,0.3783948940793047
28650,29423,12065,29466,11148,0.4100533596166264,0.3783343514559153
28660,29433,12068,29476,11153,0.4100159684707641,0.3783756276292577
28670,29443,12070,29487,11160,0.4099446387936012,0.3784718689592024
28680,29454,12075,29497,11163,0.40996129557954775,0.37844526562023256
28690,29464,12077,29508,11171,0.409890035297312,0.37857530161312186
28700,29474,12081,29519,11175,0.40988667978557375,0.37856973474711203
28710,29485,12085,29529,11179,0.40986942513142277,0.3785769921094517
28720,29496,12089,29540,11185,0.4098521833468945,0.3786391333784699
28730,29507,12092,29550,11189,0.4098010641542685,0.37864636209813873
28740,29517,12096,29560,11191,0.40979774367313754,0.37858592692828147
28750,29527,12099,29570,11197,0.409760558133234,0.37866080486980047
28760,29537,12102,29581,11202,0.4097233977722856,0.3786890233595889
28770,29547,12107,29591,11205,0.4097539513317765,0.3786624311446048
28780,29557,12111,29601,11209,0.4097506512839598,0.37866963953920474
28790,29567,12117,29612,11212,0.40981499644874353,0.3786302850195867
28800,29577,12122,29622,11215,0.4098454880481455,0.37860374046316925
28810,29587,12127,29633,11220,0.4098759590360631,0.3786319306178922
28820,29597,12134,29643,11221,0.4099739838497145,0.3785379347569409
28830,29607,12137,29653,11224,0.40993683926098556,0.3785114490945267
28840,29618,12140,29663,11225,0.4098858802079816,0.37841755722617404
28850,29628,12143,29673,11227,0.4098487916835426,0.37835742931284333
28860,29639,12151,29683,11231,0.40996659806336244,0.3783647205471145
28870,29649,12154,29693,11236,0.40992950858376337,0.37840568484154513
28880,29659,12158,29703,11240,0.40992616069321286,0.3784129549203784
28890,29670,12164,29713,11243,0.40997640714526457,0.37838656480328475
28900,29680,12170,29724,11249,0.41004043126684636,0.37844839187188806
28910,29690,12177,29734,11253,0.41013809363422027,0.3784556400080716
28920,29700,12182,29744,11256,0.4101683501683502,0.37842926304464763
28930,29711,12189,29756,11260,0.410252095183602,0.3784110767576287
28940,29721,12193,29767,11265,0.4102486457387033,0.3784392112070414
28950,29731,12197,29777,11270,0.410245198614241,0.3784800349262854
28960,29741,12203,29787,11274,0.41030900104233214,0.37848725954275353
28970,29751,12206,29799,11279,0.41027192363281906,0.3785026343165878
28980,29762,12211,29809,11284,0.41028828707748133,0.37854339293501965
28990,29772,12215,29819,11286,0.4102848313851941,0.37848351722056406
29000,29783,12221,29829,11291,0.4103347547258503,0.37852425491970904
29010,29793,12227,29839,11298,0.41039841573523983,0.3786319916887295
29020,29804,12231,29849,11303,0.4103811568916924,0.3786726523501625
29030,29815,12236,29859,11307,0.4103974509475096,0.3786797950366724
29040,29826,12241,29870,11310,0.4104137329846443,0.3786407766990291
29050,29837,12245,29880,11314,0.4103964875825318,0.3786479250334672
29060,29847,12246,29890,11318,0.4102924917077093,0.37865506858481096
29070,29857,12249,29901,11321,0.41025555146196874,0.3786160997959934
29080,29867,12255,29912,11327,0.4103190812602538,0.3786774538646697
29090,29877,12261,29922,11332,0.410382568530977,0.3787180001336809
29100,29887,12266,29932,11334,0.4104125539532238,0.37865829212882535
29110,29897,12269,29942,11340,0.4103756229722046,0.37873221561685927
29120,29907,12272,29952,11344,0.4103387166884007,0.3787393162393162
29130,29917,12279,29962,11347,0.4104355383226928,0.3787130365129164
29140,29927,12284,29973,11352,0.4104654659671868,0.3787408667801021
29150,29937,12291,29983,11355,0.41056218057921634,0.3787146049428009
29160,29948,12293,29993,11359,0.4104781621477227,0.37872170173040376
29170,29958,12299,30003,11363,0.4105414246611923,0.37872879378728797
29180,29968,12304,30013,11366,0.41057127602776294,0.37870256222303667
29190,29978,12306,30025,11372,0.4105010340916672,0.3787510407993339
29200,29988,12310,30036,11376,0.41049753234627184,0.37874550539352775
29210,29998,12314,30046,11380,0.41049403293552905,0.3787525793782866
29220,30008,12320,30056,11383,0.41055718475073316,0.37872637742879955
29230,30020,12328,30066,11386,0.4106595602931379,0.3787001929089337
29240,30030,12334,30076,11387,0.41072261072261074,0.37860752759675487
29250,30040,12338,30086,11391,0.4107190412782956,0.37861463803762546
29260,30051,12343,30096,11398,0.41073508369105854,0.37872142477405635
29270,30062,12350,30107,11401,0.4108176435366908,0.378682698375793
29280,30072,12354,30117,11404,0.4108140462889066,0.3786565726998041
29290,30082,12360,30128,11407,0.4108769363739113,0.37861789697291554
29300,30092,12363,30138,11408,0.4108400903894723,0.37852544959851353
29310,30102,12367,30148,11409,0.410836489269816,0.3784330635531378
29320,30113,12369,30158,11412,0.4107528310032212,0.3784070561708336
29330,30123,12372,30169,11418,0.41071606413703815,0.3784679638039047
29340,30133,12377,30179,11421,0.4107456940895364,0.37844196295437227
29350,30143,12380,30190,11424,0.41070895398600005,0.37840344484928784
29360,30153,12384,30200,11429,0.4107054024475177,0.3784437086092715
29370,30163,12385,30210,11431,0.41060239366110796,0.37838464084740153
29380,30173,12389,30220,11435,0.4105988797931926,0.37839179351422897
29390,30183,12392,30231,11439,0.41056223702083955,0.37838642453111043
29400,30193,12396,30241,11444,0.410558738780512,0.37842663933070997
29410,30204,12402,30251,11449,0.41060786650774733,0.3784668275428911
29420,30214,12405,30261,11451,0.41057125835705305,0.37840785169029445
29430,30224,12409,30271,11457,0.41056776071995765,0.37848105447457964
29440,30234,12413,30282,11462,0.41056426539657337,0.37850868502740903
29450,30247,12420,30292,11464,0.4106192349654511,0.3784497557110788
29460,30257,12423,30302,11470,0.41058267508345175,0.37852286977757243
29470,30267,12429,30312,11472,0.4106452572108237,0.3784639746634996
29480,30277,12433,30322,11475,0.41064174125573866,0.378438097750808
29490,30287,12437,30332,11478,0.41063822762241226,0.37841223790056705
29500,30297,12441,30342,11482,0.4106347163085454,0.37841935271241184
29510,30307,12445,30353,11487,0.41063120731184216,0.3784469409943004
29520,30317,12449,30363,11490,0.4106277006300096,0.3784211046339295
29530,30327,12454,30373,11494,0.4106571701783889,0.3784282092648076
29540,30337,12457,30383,11498,0.4106206942017998,0.3784353092189711
29550,30349,12462,30393,11500,0.41062308478038817,0.3783765998749712
29560,30359,12469,30403,11506,0.41071840310945684,0.3784494951156136
29570,30370,12474,30413,11511,0.4107342772472835,0.3784894617433334
29580,30380,12481,30423,11516,0.4108294930875576,0.37852940209709757
29590,30390,12488,30434,11520,0.4109246462652188,0.37852401918906486
29600,30401,12494,30444,11523,0.4109733232459459,0.3784982262514781
29610,30411,12497,30455,11531,0.41093683206734405,0.3786241996388114
29620,30422,12501,30465,11534,0.4109197291433831,0.3785983915969145
29630,30432,12504,30476,11536,0.4108832807570978,0.37852736579603624
29640,30442,12505,30487,11544,0.41078115761119505,0.3786531964443861
29650,30452,12509,30497,11549,0.4107776172336792,0.37869298619536346
29660,30462,12513,30507,11556,0.4107740791806185,0.3787983085849149
29670,30472,12518,30519,11558,0.41080336046206356,0.37871489891542975
29680,30482,12524,30529,11562,0.41086542877763926,0.3787218710078941
29690,30492,12527,30539,11566,0.41082906991997903,0.37872883853433315
29700,30503,12530,30549,11570,0.4107792676130217,0.37873580149923075
29710,30514,12536,30560,11575,0.41082781673985713,0.3787630890052356
29720,30524,12541,30570,11577,0.4108570305333508,0.3787046123650638
29730,30534,12545,30581,11579,0.4108534748149604,0.3786337922239299
29740,30544,12547,30592,11581,0.4107844421162912,0.3785630230125523
29750,30554,12550,30603,11586,0.41074818354388953,0.37859033428095284
29760,30564,12556,30613,11590,0.4108101033896087,0.37859732793257767
29770,30575,12562,30623,11597,0.4108585445625511,0.3787022825980472
29780,30585,12568,30633,11600,0.4109203858100376,0.3786765906049032
29790,30595,12571,30643,11604,0.41088413139401864,0.37868354926084263
29800,30605,12574,30654,11607,0.4108479006698252,0.37864552750048935
29810,30615,12577,30665,11613,0.41081169361424136,0.37870536442197944
29820,30625,12584,30675,11615,0.4109061224489796,0.37864710676446617
29830,30635,12587,30685,11617,0.41086992002611394,0.37858888707837707
29840,30645,12589,30695,11622,0.4108011094795236,0.378628441114188
29850,30655,12595,30706,11627,0.4108628282498777,0.37865563733472285
29860,30666,12602,30717,11630,0.4109437161677428,0.37861770355177915
29870,30676,12608,30728,11637,0.41100534619898293,0.3787099713616246
29880,30686,12613,30738,11638,0.41103434791109955,0.37861929858806687
29890,30696,12619,30750,11643,0.41109590826166276,0.3786341463414634
29900,30706,12624,30760,11646,0.4111248615905686,0.3786085825747724
29910,30716,12627,30770,11648,0.41108868342232063,0.37855053623659407
29920,30726,12633,30780,11653,0.4111501659832064,0.3785899935022742
29930,30736,12638,30790,11657,0.41117907339927123,0.378596947060734
29940,30746,12639,30800,11662,0.4110778637871593,0.37863636363636366
29950,30756,12644,30810,11666,0.41110677591364286,0.3786432976306394
29960,30767,12647,30820,11670,0.41105730165436993,0.3786502271252433
29970,30777,12651,30830,11674,0.411053708938493,0.37865715212455403
29980,30787,12653,30840,11678,0.4109851560723682,0.3786640726329442
29990,30797,12657,30853,11683,0.41098158911582294,0.37866658023530936
30000,30807,12658,30863,11687,0.4108806440094784,0.3786734925315102
